match_id,date,venue,city,innings,team,team_total_score,overs_played
1276907,12-07-2022,"Kennington Oval, London",London,1,England,110,25.8
1276907,12-07-2022,"Kennington Oval, London",London,2,India,114,19.5
1276908,14-07-2022,"Lord's, London",London,1,England,246,50.5
1276908,14-07-2022,"Lord's, London",London,2,India,146,39
1276909,17-07-2022,"Old Trafford, Manchester",Manchester,1,England,259,47.7
1276909,17-07-2022,"Old Trafford, Manchester",Manchester,2,India,261,42.7
1276910,19-07-2022,"Riverside Ground, Chester-le-Street",Chester-le-Street,1,South Africa,333,51.2
1276910,19-07-2022,"Riverside Ground, Chester-le-Street",Chester-le-Street,2,England,271,48.2
1276911,22-07-2022,"Old Trafford, Manchester",Manchester,1,England,201,28.8
1276911,22-07-2022,"Old Trafford, Manchester",Manchester,2,South Africa,83,21.2
1276912,24-07-2022,"Headingley, Leeds",Leeds,1,South Africa,159,28.3
1277082,19-01-2022,"Boland Park, Paarl",Paarl,1,South Africa,296,52
1277082,19-01-2022,"Boland Park, Paarl",Paarl,2,India,265,51.8
1277083,21-01-2022,"Boland Park, Paarl",Paarl,1,India,287,51.8
1277083,21-01-2022,"Boland Park, Paarl",Paarl,2,South Africa,288,49
1277084,23-01-2022,"Newlands, Cape Town",Cape Town,1,South Africa,287,51.8
1277084,23-01-2022,"Newlands, Cape Town",Cape Town,2,India,283,50.8
1277085,08-01-2022,"Sabina Park, Kingston, Jamaica",Kingston,1,West Indies,269,50.8
1277085,08-01-2022,"Sabina Park, Kingston, Jamaica",Kingston,2,Ireland,245,50.7
1277086,13-01-2022,"Sabina Park, Kingston, Jamaica",Kingston,1,West Indies,229,51.2
1277086,13-01-2022,"Sabina Park, Kingston, Jamaica",Kingston,2,Ireland,168,33.7
1277087,16-01-2022,"Sabina Park, Kingston, Jamaica",Kingston,1,West Indies,212,46.2
1277087,16-01-2022,"Sabina Park, Kingston, Jamaica",Kingston,2,Ireland,214,47.8
1277097,18-03-2022,"SuperSport Park, Centurion",Centurion,1,Bangladesh,314,52.2
1277097,18-03-2022,"SuperSport Park, Centurion",Centurion,2,South Africa,276,50.2
1277098,20-03-2022,"The Wanderers Stadium, Johannesburg",Johannesburg,1,Bangladesh,194,51.7
1277098,20-03-2022,"The Wanderers Stadium, Johannesburg",Johannesburg,2,South Africa,195,38
1277099,23-03-2022,"SuperSport Park, Centurion",Centurion,1,South Africa,154,37.8
1277099,23-03-2022,"SuperSport Park, Centurion",Centurion,2,Bangladesh,156,27
1278676,06-02-2022,"Narendra Modi Stadium, Ahmedabad",Ahmedabad,1,West Indies,176,44.5
1278676,06-02-2022,"Narendra Modi Stadium, Ahmedabad",Ahmedabad,2,India,178,29.3
1278677,09-02-2022,"Narendra Modi Stadium, Ahmedabad",Ahmedabad,1,India,237,50.7
1278677,09-02-2022,"Narendra Modi Stadium, Ahmedabad",Ahmedabad,2,West Indies,193,47.2
1278678,11-02-2022,"Narendra Modi Stadium, Ahmedabad",Ahmedabad,1,India,265,53.2
1278678,11-02-2022,"Narendra Modi Stadium, Ahmedabad",Ahmedabad,2,West Indies,169,38.5
1281444,17-06-2022,"VRA Ground, Amstelveen",Amstelveen,1,England,498,52.7
1281444,17-06-2022,"VRA Ground, Amstelveen",Amstelveen,2,Netherlands,266,50.2
1281445,19-06-2022,"VRA Ground, Amstelveen",Amstelveen,1,Netherlands,235,41.7
1281445,19-06-2022,"VRA Ground, Amstelveen",Amstelveen,2,England,239,36.5
1281446,22-06-2022,"VRA Ground, Amstelveen",Amstelveen,1,Netherlands,244,51.5
1281446,22-06-2022,"VRA Ground, Amstelveen",Amstelveen,2,England,248,31.3
1288313,29-03-2022,"Gaddafi Stadium, Lahore",Lahore,1,Australia,313,52
1288313,29-03-2022,"Gaddafi Stadium, Lahore",Lahore,2,Pakistan,225,46
1288314,31-03-2022,"Gaddafi Stadium, Lahore",Lahore,1,Australia,348,50.3
1288314,31-03-2022,"Gaddafi Stadium, Lahore",Lahore,2,Pakistan,349,49.3
1288315,02-04-2022,"Gaddafi Stadium, Lahore",Lahore,1,Australia,210,42.8
1288315,02-04-2022,"Gaddafi Stadium, Lahore",Lahore,2,Pakistan,214,38.2
1288987,29-03-2022,"Bay Oval, Mount Maunganui",Mount Maunganui,1,Netherlands,202,50.8
1288987,29-03-2022,"Bay Oval, Mount Maunganui",Mount Maunganui,2,New Zealand,204,40.8
1288988,02-04-2022,"Seddon Park, Hamilton",Hamilton,1,New Zealand,264,52.3
1288988,02-04-2022,"Seddon Park, Hamilton",Hamilton,2,Netherlands,146,35.5
1288989,04-04-2022,"Seddon Park, Hamilton",Hamilton,1,New Zealand,333,52.7
1288989,04-04-2022,"Seddon Park, Hamilton",Hamilton,2,Netherlands,218,44
1294969,16-01-2022,Pallekele International Cricket Stadium,Kandy,1,Zimbabwe,296,51.3
1294969,16-01-2022,Pallekele International Cricket Stadium,Kandy,2,Sri Lanka,300,50.2
1294970,18-01-2022,Pallekele International Cricket Stadium,Kandy,1,Zimbabwe,302,50.7
1294970,18-01-2022,Pallekele International Cricket Stadium,Kandy,2,Sri Lanka,280,50.7
1294971,21-01-2022,Pallekele International Cricket Stadium,Kandy,1,Sri Lanka,254,50.7
1294971,21-01-2022,Pallekele International Cricket Stadium,Kandy,2,Zimbabwe,70,25.3
1299586,05-02-2022,Al Amerat Cricket Ground Oman Cricket (Ministry Turf 1),Al Amarat,1,Oman,307,50.7
1299586,05-02-2022,Al Amerat Cricket Ground Oman Cricket (Ministry Turf 1),Al Amarat,2,United Arab Emirates,308,49.8
1299587,06-02-2022,Al Amerat Cricket Ground Oman Cricket (Ministry Turf 1),Al Amarat,1,Oman,195,47.7
1299587,06-02-2022,Al Amerat Cricket Ground Oman Cricket (Ministry Turf 1),Al Amarat,2,United Arab Emirates,196,45.8
1299588,08-02-2022,Al Amerat Cricket Ground Oman Cricket (Ministry Turf 1),Al Amarat,1,Oman,214,50.3
1299588,08-02-2022,Al Amerat Cricket Ground Oman Cricket (Ministry Turf 1),Al Amarat,2,United Arab Emirates,214,50.7
1302349,31-05-2022,"VRA Ground, Amstelveen",Amstelveen,1,Netherlands,240,46.7
1302349,31-05-2022,"VRA Ground, Amstelveen",Amstelveen,2,West Indies,249,43.8
1302350,02-06-2022,"VRA Ground, Amstelveen",Amstelveen,1,Netherlands,214,50
1302350,02-06-2022,"VRA Ground, Amstelveen",Amstelveen,2,West Indies,217,47.2
1302351,04-06-2022,"VRA Ground, Amstelveen",Amstelveen,1,West Indies,308,53.3
1302351,04-06-2022,"VRA Ground, Amstelveen",Amstelveen,2,Netherlands,288,52
1302616,05-03-2022,"ICC Academy, Dubai",Dubai,1,Oman,225,51.8
1302616,05-03-2022,"ICC Academy, Dubai",Dubai,2,United Arab Emirates,213,49.8
1302617,06-03-2022,"ICC Academy, Dubai",Dubai,1,Namibia,226,51.2
1302617,06-03-2022,"ICC Academy, Dubai",Dubai,2,Oman,116,42.7
1302618,08-03-2022,"ICC Academy, Dubai",Dubai,1,Namibia,206,52.2
1302618,08-03-2022,"ICC Academy, Dubai",Dubai,2,United Arab Emirates,207,49.3
1302619,09-03-2022,"ICC Academy, Dubai",Dubai,1,Oman,221,50.7
1302619,09-03-2022,"ICC Academy, Dubai",Dubai,2,United Arab Emirates,213,49.5
1302620,11-03-2022,Sharjah Cricket Stadium,Sharjah,1,Namibia,275,51.2
1302620,11-03-2022,Sharjah Cricket Stadium,Sharjah,2,Oman,276,47
1302621,12-03-2022,Sharjah Cricket Stadium,Sharjah,1,United Arab Emirates,348,51.5
1302621,12-03-2022,Sharjah Cricket Stadium,Sharjah,2,Namibia,305,51.3
1302622,14-03-2022,Dubai International Cricket Stadium,Dubai,1,Oman,265,51.7
1302622,14-03-2022,Dubai International Cricket Stadium,Dubai,2,Namibia,266,48.8
1302623,15-03-2022,Sharjah Cricket Stadium,Sharjah,1,Papua New Guinea,176,50.7
1302623,15-03-2022,Sharjah Cricket Stadium,Sharjah,2,United Arab Emirates,179,45.5
1302624,16-03-2022,Sharjah Cricket Stadium,Sharjah,1,Papua New Guinea,204,50.5
1302624,16-03-2022,Sharjah Cricket Stadium,Sharjah,2,Nepal,208,50.7
1302625,18-03-2022,Dubai International Cricket Stadium,Dubai,1,United Arab Emirates,168,47.5
1302625,18-03-2022,Dubai International Cricket Stadium,Dubai,2,Nepal,120,35.8
1302626,19-03-2022,Dubai International Cricket Stadium,Dubai,1,United Arab Emirates,147,51.7
1302626,19-03-2022,Dubai International Cricket Stadium,Dubai,2,Papua New Guinea,150,37
1302627,21-03-2022,Dubai International Cricket Stadium,Dubai,1,United Arab Emirates,202,50.3
1302627,21-03-2022,Dubai International Cricket Stadium,Dubai,2,Nepal,103,36
1302628,22-03-2022,Dubai International Cricket Stadium,Dubai,1,Papua New Guinea,173,50.5
1302628,22-03-2022,Dubai International Cricket Stadium,Dubai,2,Nepal,174,38.5
1303309,10-07-2022,"The Village, Malahide, Dublin",Dublin,1,Ireland,300,51.2
1303309,10-07-2022,"The Village, Malahide, Dublin",Dublin,2,New Zealand,305,51.5
1303310,12-07-2022,"The Village, Malahide, Dublin",Dublin,1,Ireland,216,50.3
1303310,12-07-2022,"The Village, Malahide, Dublin",Dublin,2,New Zealand,219,39.2
1303311,15-07-2022,"The Village, Malahide, Dublin",Dublin,1,New Zealand,360,51.5
1303311,15-07-2022,"The Village, Malahide, Dublin",Dublin,2,Ireland,359,51.3
1305496,25-03-2022,"Tribhuvan University International Cricket Ground, Kirtipur",Kirtipur,1,Papua New Guinea,292,51.2
1305496,25-03-2022,"Tribhuvan University International Cricket Ground, Kirtipur",Kirtipur,2,Nepal,286,51
1305497,26-03-2022,"Tribhuvan University International Cricket Ground, Kirtipur",Kirtipur,1,Nepal,278,50.8
1305497,26-03-2022,"Tribhuvan University International Cricket Ground, Kirtipur",Kirtipur,2,Papua New Guinea,283,50
1307296,14-06-2022,Pallekele International Cricket Stadium,Kandy,1,Sri Lanka,300,51
1307296,14-06-2022,Pallekele International Cricket Stadium,Kandy,2,Australia,282,43.2
1307297,16-06-2022,Pallekele International Cricket Stadium,Kandy,1,Sri Lanka,220,48.2
1307297,16-06-2022,Pallekele International Cricket Stadium,Kandy,2,Australia,189,38.2
1307298,19-06-2022,"R Premadasa Stadium, Colombo",Colombo,1,Australia,291,50.8
1307298,19-06-2022,"R Premadasa Stadium, Colombo",Colombo,2,Sri Lanka,292,48.8
1307299,21-06-2022,"R Premadasa Stadium, Colombo",Colombo,1,Sri Lanka,258,50
1307299,21-06-2022,"R Premadasa Stadium, Colombo",Colombo,2,Australia,254,50.7
1307300,24-06-2022,"R Premadasa Stadium, Colombo",Colombo,1,Sri Lanka,160,43.7
1307300,24-06-2022,"R Premadasa Stadium, Colombo",Colombo,2,Australia,164,40.8
1307479,31-07-2022,"Grange Cricket Club Ground, Raeburn Place, Edinburgh",Edinburgh,1,Scotland,306,51.7
1307479,31-07-2022,"Grange Cricket Club Ground, Raeburn Place, Edinburgh",Edinburgh,2,New Zealand,307,46
1308244,09-04-2022,Dubai International Cricket Stadium,Dubai,1,Scotland,284,51.3
1308244,09-04-2022,Dubai International Cricket Stadium,Dubai,2,Papua New Guinea,122,37.3
1308245,10-04-2022,Dubai International Cricket Stadium,Dubai,1,Scotland,215,51.3
1308245,10-04-2022,Dubai International Cricket Stadium,Dubai,2,Oman,211,49.7
1308246,12-04-2022,Dubai International Cricket Stadium,Dubai,1,Papua New Guinea,224,50.7
1308246,12-04-2022,Dubai International Cricket Stadium,Dubai,2,Oman,227,46
1308247,13-04-2022,Dubai International Cricket Stadium,Dubai,1,Scotland,287,51.3
1308247,13-04-2022,Dubai International Cricket Stadium,Dubai,2,Papua New Guinea,164,36.5
1308248,15-04-2022,Dubai International Cricket Stadium,Dubai,1,Oman,225,50.3
1308248,15-04-2022,Dubai International Cricket Stadium,Dubai,2,Scotland,226,50.5
1308249,16-04-2022,Dubai International Cricket Stadium,Dubai,1,Oman,277,52.7
1308249,16-04-2022,Dubai International Cricket Stadium,Dubai,2,Papua New Guinea,192,45.5
1311737,16-08-2022,"Hazelaarweg, Rotterdam",Rotterdam,1,Pakistan,314,51.5
1311737,16-08-2022,"Hazelaarweg, Rotterdam",Rotterdam,2,Netherlands,298,51.8
1311738,18-08-2022,"Hazelaarweg, Rotterdam",Rotterdam,1,Netherlands,186,44.8
1311738,18-08-2022,"Hazelaarweg, Rotterdam",Rotterdam,2,Pakistan,191,34.5
1311739,21-08-2022,"Hazelaarweg, Rotterdam",Rotterdam,1,Pakistan,206,50.8
1311739,21-08-2022,"Hazelaarweg, Rotterdam",Rotterdam,2,Netherlands,197,51.2
1312798,28-05-2022,"Choice Moosa Stadium, Pearland",Pearland,1,United States of America,310,52.3
1312798,28-05-2022,"Choice Moosa Stadium, Pearland",Pearland,2,Scotland,206,46.7
1312799,29-05-2022,"Choice Moosa Stadium, Pearland",Pearland,1,Scotland,300,51.2
1312799,29-05-2022,"Choice Moosa Stadium, Pearland",Pearland,2,United States of America,189,43.7
1312800,31-05-2022,"Moosa Cricket Stadium, Pearland",Pearland,1,United Arab Emirates,215,51.2
1312800,31-05-2022,"Moosa Cricket Stadium, Pearland",Pearland,2,Scotland,217,48.7
1312801,01-06-2022,"Moosa Cricket Stadium, Pearland",Pearland,1,United Arab Emirates,203,51
1312801,01-06-2022,"Moosa Cricket Stadium, Pearland",Pearland,2,United States of America,204,45.8
1312802,03-06-2022,"Moosa Cricket Stadium, Pearland",Pearland,1,Scotland,171,50.7
1312802,03-06-2022,"Moosa Cricket Stadium, Pearland",Pearland,2,United Arab Emirates,172,44.5
1312803,04-06-2022,"Moosa Cricket Stadium, Pearland",Pearland,1,United States of America,198,47
1312803,04-06-2022,"Moosa Cricket Stadium, Pearland",Pearland,2,United Arab Emirates,200,40.5
1312804,08-06-2022,"Moosa Cricket Stadium, Pearland",Pearland,1,United States of America,323,51.2
1312804,08-06-2022,"Moosa Cricket Stadium, Pearland",Pearland,2,Oman,209,43.7
1312805,09-06-2022,"Moosa Cricket Stadium, Pearland",Pearland,1,Oman,211,50.5
1312805,09-06-2022,"Moosa Cricket Stadium, Pearland",Pearland,2,Nepal,198,50.5
1312806,11-06-2022,"Moosa Cricket Stadium, Pearland",Pearland,1,Nepal,274,51
1312806,11-06-2022,"Moosa Cricket Stadium, Pearland",Pearland,2,United States of America,274,51.3
1312807,12-06-2022,"Moosa Cricket Stadium, Pearland",Pearland,1,Oman,280,51
1312807,12-06-2022,"Moosa Cricket Stadium, Pearland",Pearland,2,United States of America,267,50.7
1312808,14-06-2022,"Moosa Cricket Stadium, Pearland",Pearland,1,Oman,163,47.8
1312808,14-06-2022,"Moosa Cricket Stadium, Pearland",Pearland,2,Nepal,167,33.8
1312809,15-06-2022,"Moosa Cricket Stadium, Pearland",Pearland,1,United States of America,245,50.8
1312809,15-06-2022,"Moosa Cricket Stadium, Pearland",Pearland,2,Nepal,206,47.8
1315038,08-06-2022,Multan Cricket Stadium,Multan,1,West Indies,305,50.8
1315038,08-06-2022,Multan Cricket Stadium,Multan,2,Pakistan,306,51.3
1315039,10-06-2022,Multan Cricket Stadium,Multan,1,Pakistan,275,51
1315039,10-06-2022,Multan Cricket Stadium,Multan,2,West Indies,155,32.8
1315040,12-06-2022,Multan Cricket Stadium,Multan,1,Pakistan,269,49.5
1315040,12-06-2022,Multan Cricket Stadium,Multan,2,West Indies,216,38.3
1317152,10-07-2022,"Providence Stadium, Guyana",Providence,1,West Indies,149,41.8
1317152,10-07-2022,"Providence Stadium, Guyana",Providence,2,Bangladesh,151,33.5
1317153,13-07-2022,"Providence Stadium, Guyana",Providence,1,West Indies,108,35.5
1317153,13-07-2022,"Providence Stadium, Guyana",Providence,2,Bangladesh,112,22.2
1317154,16-07-2022,"Providence Stadium, Guyana",Providence,1,West Indies,178,49.3
1317154,16-07-2022,"Providence Stadium, Guyana",Providence,2,Bangladesh,179,49.3
1317476,28-08-2022,"Tony Ireland Stadium, Townsville",Townsville,1,Zimbabwe,200,48.3
1317476,28-08-2022,"Tony Ireland Stadium, Townsville",Townsville,2,Australia,201,35
1317477,31-08-2022,"Tony Ireland Stadium, Townsville",Townsville,1,Zimbabwe,96,28.8
1317477,31-08-2022,"Tony Ireland Stadium, Townsville",Townsville,2,Australia,100,15.8
1317478,03-09-2022,"Riverway Stadium, Townsville",Townsville,1,Australia,141,31.3
1317478,03-09-2022,"Riverway Stadium, Townsville",Townsville,2,Zimbabwe,142,39.5
1317479,06-09-2022,"Cazaly's Stadium, Cairns",Cairns,1,New Zealand,232,50.8
1317479,06-09-2022,"Cazaly's Stadium, Cairns",Cairns,2,Australia,233,46
1317480,08-09-2022,"Cazaly's Stadium, Cairns",Cairns,1,Australia,195,50.3
1317480,08-09-2022,"Cazaly's Stadium, Cairns",Cairns,2,New Zealand,82,33.3
1317481,11-09-2022,"Cazaly's Stadium, Cairns",Cairns,1,Australia,267,51.3
1317481,11-09-2022,"Cazaly's Stadium, Cairns",Cairns,2,New Zealand,242,50.5
1317489,17-11-2022,Adelaide Oval,Adelaide,1,England,287,51.8
1317489,17-11-2022,Adelaide Oval,Adelaide,2,Australia,291,47.8
1317490,19-11-2022,Sydney Cricket Ground,Sydney,1,Australia,280,50.3
1317490,19-11-2022,Sydney Cricket Ground,Sydney,2,England,208,39.7
1317491,22-11-2022,Melbourne Cricket Ground,Melbourne,1,Australia,355,49.7
1317491,22-11-2022,Melbourne Cricket Ground,Melbourne,2,England,142,32.8
1317900,22-07-2022,"Queen's Park Oval, Port of Spain, Trinidad",Port of Spain,1,India,308,51.2
1317900,22-07-2022,"Queen's Park Oval, Port of Spain, Trinidad",Port of Spain,2,West Indies,305,52
1317901,24-07-2022,"Queen's Park Oval, Port of Spain, Trinidad",Port of Spain,1,West Indies,311,51.2
1317901,24-07-2022,"Queen's Park Oval, Port of Spain, Trinidad",Port of Spain,2,India,312,50.7
1317902,27-07-2022,"Queen's Park Oval, Port of Spain, Trinidad",Port of Spain,1,India,225,37.7
1317902,27-07-2022,"Queen's Park Oval, Port of Spain, Trinidad",Port of Spain,2,West Indies,137,26.2
1317911,17-08-2022,"Kensington Oval, Bridgetown, Barbados",Bridgetown,1,New Zealand,190,45.5
1317911,17-08-2022,"Kensington Oval, Bridgetown, Barbados",Bridgetown,2,West Indies,193,40.7
1317912,19-08-2022,"Kensington Oval, Bridgetown, Barbados",Bridgetown,1,New Zealand,212,48.7
1317912,19-08-2022,"Kensington Oval, Bridgetown, Barbados",Bridgetown,2,West Indies,161,36.8
1317913,21-08-2022,"Kensington Oval, Bridgetown, Barbados",Bridgetown,1,West Indies,301,51.5
1317913,21-08-2022,"Kensington Oval, Bridgetown, Barbados",Bridgetown,2,New Zealand,307,48.2
1322031,11-07-2022,"Cambusdoon New Ground, Ayr",Ayr,1,Namibia,220,48.3
1322031,11-07-2022,"Cambusdoon New Ground, Ayr",Ayr,2,Nepal,180,48.2
1322032,13-07-2022,"Titwood, Glasgow",Glasgow,1,Scotland,144,43.7
1322032,13-07-2022,"Titwood, Glasgow",Glasgow,2,Nepal,146,26.2
1322033,14-07-2022,"Titwood, Glasgow",Glasgow,1,Namibia,215,50.5
1322033,14-07-2022,"Titwood, Glasgow",Glasgow,2,Scotland,219,49.3
1322034,16-07-2022,"Cambusdoon New Ground, Ayr",Ayr,1,Namibia,199,50.2
1322034,16-07-2022,"Cambusdoon New Ground, Ayr",Ayr,2,Nepal,136,38.7
1322035,17-07-2022,"Titwood, Glasgow",Glasgow,1,Nepal,128,37
1322035,17-07-2022,"Titwood, Glasgow",Glasgow,2,Scotland,130,19.5
1322036,10-08-2022,"Mannofield Park, Aberdeen",Aberdeen,1,Scotland,262,50
1322036,10-08-2022,"Mannofield Park, Aberdeen",Aberdeen,2,United Arab Emirates,198,43
1322037,11-08-2022,"Mannofield Park, Aberdeen",Aberdeen,1,United Arab Emirates,253,50.5
1322037,11-08-2022,"Mannofield Park, Aberdeen",Aberdeen,2,United States of America,256,50.7
1322038,13-08-2022,"Mannofield Park, Aberdeen",Aberdeen,1,United States of America,295,52
1322038,13-08-2022,"Mannofield Park, Aberdeen",Aberdeen,2,Scotland,301,48.7
1322039,14-08-2022,"Mannofield Park, Aberdeen",Aberdeen,1,Scotland,254,51.3
1322039,14-08-2022,"Mannofield Park, Aberdeen",Aberdeen,2,United Arab Emirates,168,42
1322041,17-08-2022,"Mannofield Park, Aberdeen",Aberdeen,1,Scotland,249,51
1322041,17-08-2022,"Mannofield Park, Aberdeen",Aberdeen,2,United States of America,250,50.8
1322278,25-11-2022,"Eden Park, Auckland",Auckland,1,India,306,51.3
1322278,25-11-2022,"Eden Park, Auckland",Auckland,2,New Zealand,309,48.8
1322279,27-11-2022,"Seddon Park, Hamilton",Hamilton,1,India,89,13
1322280,30-11-2022,"Hagley Oval, Christchurch",Christchurch,1,India,219,49
1322280,30-11-2022,"Hagley Oval, Christchurch",Christchurch,2,New Zealand,104,18.5
1322359,25-03-2023,"Eden Park, Auckland",Auckland,1,New Zealand,274,51.8
1322359,25-03-2023,"Eden Park, Auckland",Auckland,2,Sri Lanka,76,20.3
1322361,31-03-2023,"Seddon Park, Hamilton",Hamilton,1,Sri Lanka,157,42.8
1322361,31-03-2023,"Seddon Park, Hamilton",Hamilton,2,New Zealand,159,33.8
1323292,05-08-2022,Harare Sports Club,Harare,1,Bangladesh,303,51.5
1323292,05-08-2022,Harare Sports Club,Harare,2,Zimbabwe,307,49.8
1323293,07-08-2022,Harare Sports Club,Harare,1,Bangladesh,290,51.2
1323293,07-08-2022,Harare Sports Club,Harare,2,Zimbabwe,291,48.7
1323294,10-08-2022,Harare Sports Club,Harare,1,Bangladesh,256,52
1323294,10-08-2022,Harare Sports Club,Harare,2,Zimbabwe,151,34.5
1325549,18-08-2022,Harare Sports Club,Harare,1,Zimbabwe,189,41.3
1325549,18-08-2022,Harare Sports Club,Harare,2,India,192,33.2
1325550,20-08-2022,Harare Sports Club,Harare,1,Zimbabwe,161,39.7
1325550,20-08-2022,Harare Sports Club,Harare,2,India,167,28.2
1325551,22-08-2022,Harare Sports Club,Harare,1,India,289,51.5
1325551,22-08-2022,Harare Sports Club,Harare,2,Zimbabwe,276,51.5
1327509,06-10-2022,"Bharat Ratna Shri Atal Bihari Vajpayee Ekana Cricket Stadium, Lucknow",Lucknow,1,South Africa,249,42
1327509,06-10-2022,"Bharat Ratna Shri Atal Bihari Vajpayee Ekana Cricket Stadium, Lucknow",Lucknow,2,India,240,42.3
1327510,09-10-2022,"JSCA International Stadium Complex, Ranchi",Ranchi,1,South Africa,278,50.5
1327510,09-10-2022,"JSCA International Stadium Complex, Ranchi",Ranchi,2,India,282,46.5
1327511,11-10-2022,"Arun Jaitley Stadium, Delhi",Delhi,1,South Africa,99,27.8
1327511,11-10-2022,"Arun Jaitley Stadium, Delhi",Delhi,2,India,105,19.5
1331365,11-09-2022,"Amini Park, Port Moresby",Port Moresby,1,United States of America,205,48
1331365,11-09-2022,"Amini Park, Port Moresby",Port Moresby,2,Papua New Guinea,205,50.8
1331366,13-09-2022,"Amini Park, Port Moresby",Port Moresby,1,Papua New Guinea,211,51
1331366,13-09-2022,"Amini Park, Port Moresby",Port Moresby,2,United States of America,185,47.7
1331367,15-09-2022,"Amini Park, Port Moresby",Port Moresby,1,Namibia,176,49.3
1331367,15-09-2022,"Amini Park, Port Moresby",Port Moresby,2,United States of America,97,32
1331368,17-09-2022,"Amini Park, Port Moresby",Port Moresby,1,Namibia,254,51.2
1331368,17-09-2022,"Amini Park, Port Moresby",Port Moresby,2,United States of America,186,50.2
1331369,20-09-2022,"Amini Park, Port Moresby",Port Moresby,1,Namibia,284,51.2
1331369,20-09-2022,"Amini Park, Port Moresby",Port Moresby,2,Papua New Guinea,117,43
1331370,21-09-2022,"Amini Park, Port Moresby",Port Moresby,1,Namibia,214,52
1331370,21-09-2022,"Amini Park, Port Moresby",Port Moresby,2,Papua New Guinea,153,44.5
1336052,08-09-2023,"Sophia Gardens, Cardiff",Cardiff,1,England,291,50.8
1336052,08-09-2023,"Sophia Gardens, Cardiff",Cardiff,2,New Zealand,297,47.3
1336053,10-09-2023,"The Rose Bowl, Southampton",Southampton,1,England,226,35.2
1336053,10-09-2023,"The Rose Bowl, Southampton",Southampton,2,New Zealand,147,27.5
1336054,13-09-2023,"Kennington Oval, London",London,1,England,368,50.2
1336054,13-09-2023,"Kennington Oval, London",London,2,New Zealand,187,40.2
1336055,15-09-2023,"Lord's, London",London,1,England,311,51.2
1336055,15-09-2023,"Lord's, London",London,2,New Zealand,211,39.8
1336129,23-09-2023,"Trent Bridge, Nottingham",Nottingham,1,England,334,51.7
1336129,23-09-2023,"Trent Bridge, Nottingham",Nottingham,2,Ireland,286,49.2
1336130,26-09-2023,"County Ground, Bristol",Bristol,1,England,280,31.3
1339595,27-01-2023,"Mangaung Oval, Bloemfontein",Bloemfontein,1,South Africa,298,51.3
1339595,27-01-2023,"Mangaung Oval, Bloemfontein",Bloemfontein,2,England,271,45.5
1339596,29-01-2023,"Mangaung Oval, Bloemfontein",Bloemfontein,1,England,342,52
1339596,29-01-2023,"Mangaung Oval, Bloemfontein",Bloemfontein,2,South Africa,347,49.5
1339597,01-02-2023,"Diamond Oval, Kimberley",Kimberley,1,England,346,52
1339597,01-02-2023,"Diamond Oval, Kimberley",Kimberley,2,South Africa,287,44.2
1339602,18-03-2023,"Buffalo Park, East London",East London,1,West Indies,335,52.2
1339602,18-03-2023,"Buffalo Park, East London",East London,2,South Africa,287,42.7
1339603,21-03-2023,"Senwes Park, Potchefstroom",Potchefstroom,1,West Indies,260,50.2
1339603,21-03-2023,"Senwes Park, Potchefstroom",Potchefstroom,2,South Africa,264,31.3
1339607,31-03-2023,"Willowmoore Park, Benoni",Benoni,1,Netherlands,189,47.2
1339607,31-03-2023,"Willowmoore Park, Benoni",Benoni,2,South Africa,190,31
1339608,02-04-2023,"The Wanderers Stadium, Johannesburg",Johannesburg,1,South Africa,370,52
1339608,02-04-2023,"The Wanderers Stadium, Johannesburg",Johannesburg,2,Netherlands,224,40.8
1339611,09-01-2023,"National Stadium, Karachi",Karachi,1,New Zealand,255,50.3
1339611,09-01-2023,"National Stadium, Karachi",Karachi,2,Pakistan,258,48.3
1339612,11-01-2023,"National Stadium, Karachi",Karachi,1,New Zealand,261,51.5
1339612,11-01-2023,"National Stadium, Karachi",Karachi,2,Pakistan,182,43.8
1339613,13-01-2023,"National Stadium, Karachi",Karachi,1,Pakistan,280,50.3
1339613,13-01-2023,"National Stadium, Karachi",Karachi,2,New Zealand,281,49.5
1339619,27-04-2023,Rawalpindi Cricket Stadium,Rawalpindi,1,New Zealand,288,50.3
1339619,27-04-2023,Rawalpindi Cricket Stadium,Rawalpindi,2,Pakistan,291,49.2
1339620,29-04-2023,Rawalpindi Cricket Stadium,Rawalpindi,1,New Zealand,336,51
1339620,29-04-2023,Rawalpindi Cricket Stadium,Rawalpindi,2,Pakistan,337,49.2
1339621,03-05-2023,"National Stadium, Karachi",Karachi,1,Pakistan,287,51.3
1339621,03-05-2023,"National Stadium, Karachi",Karachi,2,New Zealand,261,49.8
1339622,05-05-2023,"National Stadium, Karachi",Karachi,1,Pakistan,334,51
1339622,05-05-2023,"National Stadium, Karachi",Karachi,2,New Zealand,232,44.7
1339623,07-05-2023,"National Stadium, Karachi",Karachi,1,New Zealand,299,49.7
1339623,07-05-2023,"National Stadium, Karachi",Karachi,2,Pakistan,252,46.7
1340845,04-12-2022,"Shere Bangla National Stadium, Mirpur",Dhaka,1,India,186,42.2
1340845,04-12-2022,"Shere Bangla National Stadium, Mirpur",Dhaka,2,Bangladesh,187,47.3
1340846,07-12-2022,"Shere Bangla National Stadium, Mirpur",Dhaka,1,Bangladesh,271,51.5
1340846,07-12-2022,"Shere Bangla National Stadium, Mirpur",Dhaka,2,India,266,51.8
1340847,10-12-2022,"Zahur Ahmed Chowdhury Stadium, Chattogram",Chattogram,1,India,409,50.7
1340847,10-12-2022,"Zahur Ahmed Chowdhury Stadium, Chattogram",Chattogram,2,Bangladesh,182,34.7
1341969,19-11-2022,"Wanderers Cricket Ground, Windhoek",Windhoek,1,Papua New Guinea,107,39.3
1341969,19-11-2022,"Wanderers Cricket Ground, Windhoek",Windhoek,2,Namibia,108,15.8
1341970,20-11-2022,"Wanderers Cricket Ground, Windhoek",Windhoek,1,United States of America,244,51.2
1341970,20-11-2022,"Wanderers Cricket Ground, Windhoek",Windhoek,2,Namibia,173,44.8
1341971,22-11-2022,"Wanderers Cricket Ground, Windhoek",Windhoek,1,Papua New Guinea,149,48.7
1341971,22-11-2022,"Wanderers Cricket Ground, Windhoek",Windhoek,2,United States of America,152,31.7
1341972,23-11-2022,"Wanderers Cricket Ground, Windhoek",Windhoek,1,Papua New Guinea,236,50
1341972,23-11-2022,"Wanderers Cricket Ground, Windhoek",Windhoek,2,Namibia,241,50.2
1341973,25-11-2022,"Wanderers Cricket Ground, Windhoek",Windhoek,1,United States of America,266,51.5
1341973,25-11-2022,"Wanderers Cricket Ground, Windhoek",Windhoek,2,Papua New Guinea,231,48.7
1341974,26-11-2022,"Wanderers Cricket Ground, Windhoek",Windhoek,1,United States of America,211,50.8
1341974,26-11-2022,"Wanderers Cricket Ground, Windhoek",Windhoek,2,Namibia,212,45
1341975,01-12-2022,"United Cricket Club Ground, Windhoek",Windhoek,1,Namibia,211,51.2
1341975,01-12-2022,"United Cricket Club Ground, Windhoek",Windhoek,2,Scotland,213,43.3
1341976,02-12-2022,"United Cricket Club Ground, Windhoek",Windhoek,1,Nepal,197,51
1341976,02-12-2022,"United Cricket Club Ground, Windhoek",Windhoek,2,Namibia,4,0.7
1341977,04-12-2022,"United Cricket Club Ground, Windhoek",Windhoek,1,Nepal,137,40.5
1341977,04-12-2022,"United Cricket Club Ground, Windhoek",Windhoek,2,Scotland,143,32.8
1341978,05-12-2022,"United Cricket Club Ground, Windhoek",Windhoek,1,Scotland,208,50.8
1341978,05-12-2022,"United Cricket Club Ground, Windhoek",Windhoek,2,Namibia,210,45.7
1341979,07-12-2022,"United Cricket Club Ground, Windhoek",Windhoek,1,Namibia,275,50.3
1341979,07-12-2022,"United Cricket Club Ground, Windhoek",Windhoek,2,Nepal,189,48.2
1341980,08-12-2022,"United Cricket Club Ground, Windhoek",Windhoek,1,Nepal,119,36.2
1341980,08-12-2022,"United Cricket Club Ground, Windhoek",Windhoek,2,Scotland,121,17.3
1343683,14-11-2022,"Tribhuvan University International Cricket Ground, Kirtipur",Kirtipur,1,United Arab Emirates,263,51.7
1343683,14-11-2022,"Tribhuvan University International Cricket Ground, Kirtipur",Kirtipur,2,Nepal,179,51.5
1343684,16-11-2022,"Tribhuvan University International Cricket Ground, Kirtipur",Kirtipur,1,United Arab Emirates,191,44.2
1343684,16-11-2022,"Tribhuvan University International Cricket Ground, Kirtipur",Kirtipur,2,Nepal,193,49
1343685,18-11-2022,"Tribhuvan University International Cricket Ground, Kirtipur",Kirtipur,1,United Arab Emirates,176,52
1343685,18-11-2022,"Tribhuvan University International Cricket Ground, Kirtipur",Kirtipur,2,Nepal,180,41.3
1348326,18-01-2023,Harare Sports Club,Harare,1,Ireland,288,51.3
1348326,18-01-2023,Harare Sports Club,Harare,2,Zimbabwe,214,38.5
1348327,21-01-2023,Harare Sports Club,Harare,1,Ireland,294,53.5
1348327,21-01-2023,Harare Sports Club,Harare,2,Zimbabwe,248,48
1348328,23-01-2023,Harare Sports Club,Harare,1,Zimbabwe,55,13.3
1348643,10-01-2023,"Barsapara Cricket Stadium, Guwahati",Guwahati,1,India,373,50.8
1348643,10-01-2023,"Barsapara Cricket Stadium, Guwahati",Guwahati,2,Sri Lanka,306,51.3
1348644,12-01-2023,"Eden Gardens, Kolkata",Kolkata,1,Sri Lanka,215,40.7
1348644,12-01-2023,"Eden Gardens, Kolkata",Kolkata,2,India,219,45.8
1348645,15-01-2023,"Greenfield International Stadium, Thiruvananthapuram",Thiruvananthapuram,1,India,390,50.8
1348645,15-01-2023,"Greenfield International Stadium, Thiruvananthapuram",Thiruvananthapuram,2,Sri Lanka,73,22.5
1348646,18-01-2023,"Rajiv Gandhi International Stadium, Uppal, Hyderabad",Hyderabad,1,India,349,51.8
1348646,18-01-2023,"Rajiv Gandhi International Stadium, Uppal, Hyderabad",Hyderabad,2,New Zealand,337,51.7
1348647,21-01-2023,"Shaheed Veer Narayan Singh International Stadium, Raipur",Raipur,1,New Zealand,108,35.3
1348647,21-01-2023,"Shaheed Veer Narayan Singh International Stadium, Raipur",Raipur,2,India,111,20.2
1348648,24-01-2023,"Holkar Cricket Stadium, Indore",Indore,1,India,385,51
1348648,24-01-2023,"Holkar Cricket Stadium, Indore",Indore,2,New Zealand,295,42.8
1348656,17-03-2023,"Wankhede Stadium, Mumbai",Mumbai,1,Australia,188,36.2
1348656,17-03-2023,"Wankhede Stadium, Mumbai",Mumbai,2,India,191,41.7
1348657,19-03-2023,"Dr. Y.S. Rajasekhara Reddy ACA-VDCA Cricket Stadium, Visakhapatnam",Visakhapatnam,1,India,117,28
1348657,19-03-2023,"Dr. Y.S. Rajasekhara Reddy ACA-VDCA Cricket Stadium, Visakhapatnam",Visakhapatnam,2,Australia,121,11.7
1348658,22-03-2023,"MA Chidambaram Stadium, Chepauk, Chennai",Chennai,1,Australia,269,49.7
1348658,22-03-2023,"MA Chidambaram Stadium, Chepauk, Chennai",Chennai,2,India,248,50.5
1351397,01-03-2023,"Shere Bangla National Stadium, Mirpur",Dhaka,1,Bangladesh,209,50
1351397,01-03-2023,"Shere Bangla National Stadium, Mirpur",Dhaka,2,England,212,49
1351398,03-03-2023,"Shere Bangla National Stadium, Mirpur",Dhaka,1,England,326,50.8
1351398,03-03-2023,"Shere Bangla National Stadium, Mirpur",Dhaka,2,Bangladesh,194,45
1351399,06-03-2023,"Zahur Ahmed Chowdhury Stadium, Chattogram",Chattogram,1,Bangladesh,246,49.5
1351399,06-03-2023,"Zahur Ahmed Chowdhury Stadium, Chattogram",Chattogram,2,England,196,43.8
1355717,18-03-2023,Sylhet International Cricket Stadium,Sylhet,1,Bangladesh,338,51.3
1355717,18-03-2023,Sylhet International Cricket Stadium,Sylhet,2,Ireland,155,31.8
1355718,20-03-2023,Sylhet International Cricket Stadium,Sylhet,1,Bangladesh,349,51
1355719,23-03-2023,Sylhet International Cricket Stadium,Sylhet,1,Ireland,101,28.8
1355719,23-03-2023,Sylhet International Cricket Stadium,Sylhet,2,Bangladesh,102,14.2
1358073,14-02-2023,"Tribhuvan University International Cricket Ground, Kirtipur",Kirtipur,1,Namibia,285,50.7
1358073,14-02-2023,"Tribhuvan University International Cricket Ground, Kirtipur",Kirtipur,2,Nepal,287,49.3
1358074,15-02-2023,"Tribhuvan University International Cricket Ground, Kirtipur",Kirtipur,1,Namibia,153,41.2
1358074,15-02-2023,"Tribhuvan University International Cricket Ground, Kirtipur",Kirtipur,2,Scotland,157,22.5
1358075,17-02-2023,"Tribhuvan University International Cricket Ground, Kirtipur",Kirtipur,1,Scotland,274,51
1358075,17-02-2023,"Tribhuvan University International Cricket Ground, Kirtipur",Kirtipur,2,Nepal,275,49.3
1358076,18-02-2023,"Tribhuvan University International Cricket Ground, Kirtipur",Kirtipur,1,Namibia,274,51.8
1358076,18-02-2023,"Tribhuvan University International Cricket Ground, Kirtipur",Kirtipur,2,Nepal,278,49.8
1358077,20-02-2023,"Tribhuvan University International Cricket Ground, Kirtipur",Kirtipur,1,Scotland,221,49.3
1358077,20-02-2023,"Tribhuvan University International Cricket Ground, Kirtipur",Kirtipur,2,Namibia,178,39.8
1358078,21-02-2023,"Tribhuvan University International Cricket Ground, Kirtipur",Kirtipur,1,Scotland,212,46.3
1358078,21-02-2023,"Tribhuvan University International Cricket Ground, Kirtipur",Kirtipur,2,Nepal,213,45.8
1358079,23-02-2023,Dubai International Cricket Stadium,Dubai,1,Namibia,91,31.7
1358079,23-02-2023,Dubai International Cricket Stadium,Dubai,2,United Arab Emirates,95,33.8
1358080,25-02-2023,Dubai International Cricket Stadium,Dubai,1,United Arab Emirates,166,53.7
1358080,25-02-2023,Dubai International Cricket Stadium,Dubai,2,Namibia,167,30
1358082,28-02-2023,Dubai International Cricket Stadium,Dubai,1,Papua New Guinea,262,51
1358082,28-02-2023,Dubai International Cricket Stadium,Dubai,2,United Arab Emirates,131,35.2
1358083,02-03-2023,Dubai International Cricket Stadium,Dubai,1,United Arab Emirates,207,50.7
1358083,02-03-2023,Dubai International Cricket Stadium,Dubai,2,Nepal,139,33
1358084,03-03-2023,Dubai International Cricket Stadium,Dubai,1,Papua New Guinea,179,50
1358084,03-03-2023,Dubai International Cricket Stadium,Dubai,2,Nepal,182,49.5
1358085,05-03-2023,Dubai International Cricket Stadium,Dubai,1,United Arab Emirates,97,27.5
1358085,05-03-2023,Dubai International Cricket Stadium,Dubai,2,Papua New Guinea,98,27.3
1358086,06-03-2023,Dubai International Cricket Stadium,Dubai,1,Nepal,229,50.3
1358086,06-03-2023,Dubai International Cricket Stadium,Dubai,2,United Arab Emirates,187,45.7
1358087,09-03-2023,"Tribhuvan University International Cricket Ground, Kirtipur",Kirtipur,1,Nepal,297,50.8
1358087,09-03-2023,"Tribhuvan University International Cricket Ground, Kirtipur",Kirtipur,2,Papua New Guinea,245,48.2
1358088,10-03-2023,"Tribhuvan University International Cricket Ground, Kirtipur",Kirtipur,1,Papua New Guinea,246,50
1358088,10-03-2023,"Tribhuvan University International Cricket Ground, Kirtipur",Kirtipur,2,United Arab Emirates,190,45
1358089,12-03-2023,"Tribhuvan University International Cricket Ground, Kirtipur",Kirtipur,1,Nepal,248,50.2
1358089,12-03-2023,"Tribhuvan University International Cricket Ground, Kirtipur",Kirtipur,2,United Arab Emirates,71,22.8
1358090,13-03-2023,"Tribhuvan University International Cricket Ground, Kirtipur",Kirtipur,1,Papua New Guinea,95,32.3
1358090,13-03-2023,"Tribhuvan University International Cricket Ground, Kirtipur",Kirtipur,2,Nepal,100,8
1358091,15-03-2023,"Tribhuvan University International Cricket Ground, Kirtipur",Kirtipur,1,Papua New Guinea,234,51.2
1358091,15-03-2023,"Tribhuvan University International Cricket Ground, Kirtipur",Kirtipur,2,United Arab Emirates,236,39.8
1358092,16-03-2023,"Tribhuvan University International Cricket Ground, Kirtipur",Kirtipur,1,United Arab Emirates,310,51.8
1358092,16-03-2023,"Tribhuvan University International Cricket Ground, Kirtipur",Kirtipur,2,Nepal,269,45.2
1362379,21-03-2023,Harare Sports Club,Harare,1,Zimbabwe,249,50
1362379,21-03-2023,Harare Sports Club,Harare,2,Netherlands,255,50.5
1362380,23-03-2023,Harare Sports Club,Harare,1,Zimbabwe,271,50
1362380,23-03-2023,Harare Sports Club,Harare,2,Netherlands,270,50.7
1362381,25-03-2023,Harare Sports Club,Harare,1,Netherlands,231,50.5
1362381,25-03-2023,Harare Sports Club,Harare,2,Zimbabwe,235,42.7
1364124,09-05-2023,"County Ground, Chelmsford",Chelmsford,1,Bangladesh,246,51.7
1364124,09-05-2023,"County Ground, Chelmsford",Chelmsford,2,Ireland,65,16.8
1364125,12-05-2023,"County Ground, Chelmsford",Chelmsford,1,Ireland,319,45.7
1364125,12-05-2023,"County Ground, Chelmsford",Chelmsford,2,Bangladesh,320,46
1365092,26-03-2023,"Wanderers Cricket Ground, Windhoek",Windhoek,1,United States of America,231,51.5
1365092,26-03-2023,"Wanderers Cricket Ground, Windhoek",Windhoek,2,Namibia,151,42.5
1365093,27-03-2023,"Wanderers Cricket Ground, Windhoek",Windhoek,1,United Arab Emirates,260,51.2
1365093,27-03-2023,"Wanderers Cricket Ground, Windhoek",Windhoek,2,Papua New Guinea,239,51.5
1365095,29-03-2023,"Wanderers Cricket Ground, Windhoek",Windhoek,1,Canada,198,51
1365095,29-03-2023,"Wanderers Cricket Ground, Windhoek",Windhoek,2,United States of America,172,48.7
1365097,30-03-2023,"Wanderers Cricket Ground, Windhoek",Windhoek,1,Jersey,213,50.8
1365097,30-03-2023,"Wanderers Cricket Ground, Windhoek",Windhoek,2,Namibia,216,32.8
1365098,30-03-2023,"United Cricket Club Ground, Windhoek",Windhoek,1,United Arab Emirates,279,50.5
1365098,30-03-2023,"United Cricket Club Ground, Windhoek",Windhoek,2,United States of America,281,51.3
1365099,01-04-2023,"Wanderers Cricket Ground, Windhoek",Windhoek,1,Canada,254,50.2
1365099,01-04-2023,"Wanderers Cricket Ground, Windhoek",Windhoek,2,United Arab Emirates,255,50.3
1365100,01-04-2023,"United Cricket Club Ground, Windhoek",Windhoek,1,Jersey,291,50.3
1365100,01-04-2023,"United Cricket Club Ground, Windhoek",Windhoek,2,Papua New Guinea,280,51
1365101,02-04-2023,"Wanderers Cricket Ground, Windhoek",Windhoek,1,United States of America,235,50.7
1365101,02-04-2023,"Wanderers Cricket Ground, Windhoek",Windhoek,2,Papua New Guinea,118,35
1365102,02-04-2023,"United Cricket Club Ground, Windhoek",Windhoek,1,United Arab Emirates,267,51.3
1365102,02-04-2023,"United Cricket Club Ground, Windhoek",Windhoek,2,Namibia,239,49.7
1365103,04-04-2023,"Wanderers Cricket Ground, Windhoek",Windhoek,1,Namibia,267,52
1365103,04-04-2023,"Wanderers Cricket Ground, Windhoek",Windhoek,2,Canada,156,43
1365104,04-04-2023,"United Cricket Club Ground, Windhoek",Windhoek,1,United States of America,231,51.3
1365104,04-04-2023,"United Cricket Club Ground, Windhoek",Windhoek,2,Jersey,206,49
1365105,05-04-2023,"Wanderers Cricket Ground, Windhoek",Windhoek,1,United Arab Emirates,284,52.2
1365105,05-04-2023,"Wanderers Cricket Ground, Windhoek",Windhoek,2,Jersey,218,46
1365106,05-04-2023,"United Cricket Club Ground, Windhoek",Windhoek,1,Canada,218,51.5
1365106,05-04-2023,"United Cricket Club Ground, Windhoek",Windhoek,2,Papua New Guinea,128,37.7
1365552,14-05-2023,"County Ground, Chelmsford",Chelmsford,1,Bangladesh,274,50.8
1365552,14-05-2023,"County Ground, Chelmsford",Chelmsford,2,Ireland,269,51.5
1367985,21-04-2023,"Tribhuvan University International Cricket Ground, Kirtipur",Kirtipur,1,Nepal,310,51.7
1367985,21-04-2023,"Tribhuvan University International Cricket Ground, Kirtipur",Kirtipur,2,Oman,226,47.5
1368000,29-04-2023,Mulpani Cricket Ground,Kathmandu,1,United Arab Emirates,236,50.5
1368000,29-04-2023,Mulpani Cricket Ground,Kathmandu,2,Oman,190,43.5
1368002,01-05-2023,"Tribhuvan University International Cricket Ground, Kirtipur",Kirtipur,1,United Arab Emirates,117,34.7
1368002,01-05-2023,"Tribhuvan University International Cricket Ground, Kirtipur",Kirtipur,2,Nepal,118,30.7
1373571,07-09-2023,"Mangaung Oval, Bloemfontein",Bloemfontein,1,South Africa,222,50.3
1373571,07-09-2023,"Mangaung Oval, Bloemfontein",Bloemfontein,2,Australia,225,43
1373572,09-09-2023,"Mangaung Oval, Bloemfontein",Bloemfontein,1,Australia,392,51.5
1373572,09-09-2023,"Mangaung Oval, Bloemfontein",Bloemfontein,2,South Africa,269,42.2
1373573,12-09-2023,"Sedgars Park, Potchefstroom",Potchefstroom,1,South Africa,338,51.5
1373573,12-09-2023,"Sedgars Park, Potchefstroom",Potchefstroom,2,Australia,227,35.3
1373574,15-09-2023,"SuperSport Park, Centurion",Centurion,1,South Africa,416,51.8
1373574,15-09-2023,"SuperSport Park, Centurion",Centurion,2,Australia,252,36.3
1373575,17-09-2023,"The Wanderers Stadium, Johannesburg",Johannesburg,1,South Africa,315,51.3
1373575,17-09-2023,"The Wanderers Stadium, Johannesburg",Johannesburg,2,Australia,193,34.7
1373576,03-12-2023,"Sir Vivian Richards Stadium, North Sound, Antigua",North Sound,1,England,325,50.8
1373576,03-12-2023,"Sir Vivian Richards Stadium, North Sound, Antigua",North Sound,2,West Indies,326,50.3
1373577,06-12-2023,"Sir Vivian Richards Stadium, North Sound, Antigua",North Sound,1,West Indies,202,40.5
1373577,06-12-2023,"Sir Vivian Richards Stadium, North Sound, Antigua",North Sound,2,England,206,33.2
1373578,09-12-2023,"Kensington Oval, Bridgetown, Barbados",Bridgetown,1,England,206,41
1373578,09-12-2023,"Kensington Oval, Bridgetown, Barbados",Bridgetown,2,West Indies,191,32.3
1375847,02-02-2024,Melbourne Cricket Ground,Melbourne,1,West Indies,231,49.7
1375847,02-02-2024,Melbourne Cricket Ground,Melbourne,2,Australia,232,39.3
1375848,04-02-2024,Sydney Cricket Ground,Sydney,1,Australia,258,51.3
1375848,04-02-2024,Sydney Cricket Ground,Sydney,2,West Indies,175,43.8
1375849,06-02-2024,"Manuka Oval, Canberra",Canberra,1,West Indies,86,25.5
1375849,06-02-2024,"Manuka Oval, Canberra",Canberra,2,Australia,87,7.3
1377005,04-06-2023,Sharjah Cricket Stadium,Sharjah,1,United Arab Emirates,202,49
1377005,04-06-2023,Sharjah Cricket Stadium,Sharjah,2,West Indies,206,35.8
1377006,06-06-2023,Sharjah Cricket Stadium,Sharjah,1,West Indies,306,50.8
1377006,06-06-2023,Sharjah Cricket Stadium,Sharjah,2,United Arab Emirates,228,51.5
1377007,09-06-2023,Sharjah Cricket Stadium,Sharjah,1,United Arab Emirates,184,37.3
1377007,09-06-2023,Sharjah Cricket Stadium,Sharjah,2,West Indies,185,36.5
1377746,18-06-2023,Harare Sports Club,Harare,1,Nepal,290,51.5
1377746,18-06-2023,Harare Sports Club,Harare,2,Zimbabwe,291,45.3
1377747,18-06-2023,"Takashinga Sports Club, Highfield, Harare",Harare,1,West Indies,297,51.2
1377747,18-06-2023,"Takashinga Sports Club, Highfield, Harare",Harare,2,United States of America,258,52
1377748,19-06-2023,"Queens Sports Club, Bulawayo",Bulawayo,1,Sri Lanka,355,50.8
1377748,19-06-2023,"Queens Sports Club, Bulawayo",Bulawayo,2,United Arab Emirates,180,39.3
1377749,19-06-2023,Bulawayo Athletic Club,Bulawayo,1,Ireland,281,51.2
1377749,19-06-2023,Bulawayo Athletic Club,Bulawayo,2,Oman,285,49.5
1377750,20-06-2023,Harare Sports Club,Harare,1,Netherlands,315,52.5
1377750,20-06-2023,Harare Sports Club,Harare,2,Zimbabwe,319,41.7
1377751,20-06-2023,"Takashinga Sports Club, Highfield, Harare",Harare,1,United States of America,207,50
1377751,20-06-2023,"Takashinga Sports Club, Highfield, Harare",Harare,2,Nepal,211,44.5
1377752,21-06-2023,"Queens Sports Club, Bulawayo",Bulawayo,1,Ireland,286,52.3
1377752,21-06-2023,"Queens Sports Club, Bulawayo",Bulawayo,2,Scotland,289,51
1377753,21-06-2023,Bulawayo Athletic Club,Bulawayo,1,United Arab Emirates,227,50.7
1377753,21-06-2023,Bulawayo Athletic Club,Bulawayo,2,Oman,228,47.2
1377754,22-06-2023,Harare Sports Club,Harare,1,West Indies,339,51.2
1377754,22-06-2023,Harare Sports Club,Harare,2,Nepal,238,51.8
1377755,22-06-2023,"Takashinga Sports Club, Highfield, Harare",Harare,1,United States of America,211,50.5
1377755,22-06-2023,"Takashinga Sports Club, Highfield, Harare",Harare,2,Netherlands,214,43.7
1377756,23-06-2023,"Queens Sports Club, Bulawayo",Bulawayo,1,Oman,98,31.3
1377756,23-06-2023,"Queens Sports Club, Bulawayo",Bulawayo,2,Sri Lanka,100,15.2
1377757,23-06-2023,Bulawayo Athletic Club,Bulawayo,1,Scotland,282,51
1377757,23-06-2023,Bulawayo Athletic Club,Bulawayo,2,United Arab Emirates,171,35.5
1377758,24-06-2023,Harare Sports Club,Harare,1,Zimbabwe,268,51.8
1377758,24-06-2023,Harare Sports Club,Harare,2,West Indies,233,46.5
1377759,24-06-2023,"Takashinga Sports Club, Highfield, Harare",Harare,1,Nepal,167,45.8
1377759,24-06-2023,"Takashinga Sports Club, Highfield, Harare",Harare,2,Netherlands,168,27.5
1377760,25-06-2023,"Queens Sports Club, Bulawayo",Bulawayo,1,Sri Lanka,325,52.5
1377760,25-06-2023,"Queens Sports Club, Bulawayo",Bulawayo,2,Ireland,192,31.5
1377761,25-06-2023,Bulawayo Athletic Club,Bulawayo,1,Scotland,320,50.8
1377761,25-06-2023,Bulawayo Athletic Club,Bulawayo,2,Oman,244,50.7
1377762,26-06-2023,Harare Sports Club,Harare,1,Zimbabwe,408,50.2
1377762,26-06-2023,Harare Sports Club,Harare,2,United States of America,104,26.8
1377763,26-06-2023,"Takashinga Sports Club, Highfield, Harare",Harare,1,West Indies,374,51
1377763,26-06-2023,"Takashinga Sports Club, Highfield, Harare",Harare,2,Netherlands,374,51.2
1377764,27-06-2023,"Queens Sports Club, Bulawayo",Bulawayo,1,Sri Lanka,245,50.5
1377764,27-06-2023,"Queens Sports Club, Bulawayo",Bulawayo,2,Scotland,163,30
1377765,27-06-2023,Bulawayo Athletic Club,Bulawayo,1,Ireland,349,50.7
1377765,27-06-2023,Bulawayo Athletic Club,Bulawayo,2,United Arab Emirates,211,40.5
1377766,29-06-2023,"Queens Sports Club, Bulawayo",Bulawayo,1,Zimbabwe,332,50.7
1377766,29-06-2023,"Queens Sports Club, Bulawayo",Bulawayo,2,Oman,318,52.7
1377767,30-06-2023,"Queens Sports Club, Bulawayo",Bulawayo,1,Sri Lanka,213,49.5
1377767,30-06-2023,"Queens Sports Club, Bulawayo",Bulawayo,2,Netherlands,192,41
1377768,30-06-2023,"Takashinga Sports Club, Highfield, Harare",Harare,1,United States of America,196,43.5
1377768,30-06-2023,"Takashinga Sports Club, Highfield, Harare",Harare,2,Ireland,197,34.5
1377769,01-07-2023,Harare Sports Club,Harare,1,West Indies,181,45.2
1377769,01-07-2023,Harare Sports Club,Harare,2,Scotland,185,44.3
1377770,02-07-2023,"Queens Sports Club, Bulawayo",Bulawayo,1,Zimbabwe,165,34.5
1377770,02-07-2023,"Queens Sports Club, Bulawayo",Bulawayo,2,Sri Lanka,169,34.2
1377771,02-07-2023,"Takashinga Sports Club, Highfield, Harare",Harare,1,United Arab Emirates,181,47.8
1377771,02-07-2023,"Takashinga Sports Club, Highfield, Harare",Harare,2,Nepal,185,44.5
1377772,03-07-2023,Harare Sports Club,Harare,1,Netherlands,362,50.3
1377772,03-07-2023,Harare Sports Club,Harare,2,Oman,246,46.2
1377773,04-07-2023,"Queens Sports Club, Bulawayo",Bulawayo,1,Scotland,234,50.7
1377773,04-07-2023,"Queens Sports Club, Bulawayo",Bulawayo,2,Zimbabwe,203,42
1377774,04-07-2023,"Takashinga Sports Club, Highfield, Harare",Harare,1,Nepal,268,52.3
1377774,04-07-2023,"Takashinga Sports Club, Highfield, Harare",Harare,2,Ireland,269,51
1377775,05-07-2023,Harare Sports Club,Harare,1,Oman,221,51.7
1377775,05-07-2023,Harare Sports Club,Harare,2,West Indies,222,40.8
1377776,06-07-2023,"Queens Sports Club, Bulawayo",Bulawayo,1,Scotland,277,50.7
1377776,06-07-2023,"Queens Sports Club, Bulawayo",Bulawayo,2,Netherlands,278,44.5
1377777,06-07-2023,"Takashinga Sports Club, Highfield, Harare",Harare,1,United Arab Emirates,308,52.7
1377777,06-07-2023,"Takashinga Sports Club, Highfield, Harare",Harare,2,United States of America,307,51
1377778,07-07-2023,Harare Sports Club,Harare,1,West Indies,243,49.5
1377778,07-07-2023,Harare Sports Club,Harare,2,Sri Lanka,244,45.2
1377779,09-07-2023,Harare Sports Club,Harare,1,Sri Lanka,233,48.3
1377779,09-07-2023,Harare Sports Club,Harare,2,Netherlands,105,24.5
1381214,27-07-2023,"Kensington Oval, Bridgetown, Barbados",Bridgetown,1,West Indies,114,24.2
1381214,27-07-2023,"Kensington Oval, Bridgetown, Barbados",Bridgetown,2,India,118,23.5
1381215,29-07-2023,"Kensington Oval, Bridgetown, Barbados",Bridgetown,1,India,181,42.2
1381215,29-07-2023,"Kensington Oval, Bridgetown, Barbados",Bridgetown,2,West Indies,182,37.5
1381216,01-08-2023,"Brian Lara Stadium, Tarouba, Trinidad",Tarouba,1,India,351,51.3
1381216,01-08-2023,"Brian Lara Stadium, Tarouba, Trinidad",Tarouba,2,West Indies,151,36.5
1384392,05-10-2023,"Narendra Modi Stadium, Ahmedabad",Ahmedabad,1,England,282,50.7
1384392,05-10-2023,"Narendra Modi Stadium, Ahmedabad",Ahmedabad,2,New Zealand,283,36.8
1384393,06-10-2023,"Rajiv Gandhi International Stadium, Uppal, Hyderabad",Hyderabad,1,Pakistan,286,50.3
1384393,06-10-2023,"Rajiv Gandhi International Stadium, Uppal, Hyderabad",Hyderabad,2,Netherlands,205,42.5
1384395,07-10-2023,"Arun Jaitley Stadium, Delhi",Delhi,1,South Africa,428,52.3
1384395,07-10-2023,"Arun Jaitley Stadium, Delhi",Delhi,2,Sri Lanka,326,46.7
1384396,08-10-2023,"MA Chidambaram Stadium, Chepauk, Chennai",Chennai,1,Australia,199,50.5
1384396,08-10-2023,"MA Chidambaram Stadium, Chepauk, Chennai",Chennai,2,India,201,42.3
1384397,09-10-2023,"Rajiv Gandhi International Stadium, Uppal, Hyderabad",Hyderabad,1,New Zealand,322,50.7
1384397,09-10-2023,"Rajiv Gandhi International Stadium, Uppal, Hyderabad",Hyderabad,2,Netherlands,223,46.8
1384398,10-10-2023,"Himachal Pradesh Cricket Association Stadium, Dharamsala",Dharamsala,1,England,364,50.7
1384398,10-10-2023,"Himachal Pradesh Cricket Association Stadium, Dharamsala",Dharamsala,2,Bangladesh,227,48.8
1384399,10-10-2023,"Rajiv Gandhi International Stadium, Uppal, Hyderabad",Hyderabad,1,Sri Lanka,344,51.7
1384399,10-10-2023,"Rajiv Gandhi International Stadium, Uppal, Hyderabad",Hyderabad,2,Pakistan,345,50.5
1384401,12-10-2023,"Bharat Ratna Shri Atal Bihari Vajpayee Ekana Cricket Stadium, Lucknow",Lucknow,1,South Africa,311,51.2
1384401,12-10-2023,"Bharat Ratna Shri Atal Bihari Vajpayee Ekana Cricket Stadium, Lucknow",Lucknow,2,Australia,177,42.3
1384402,13-10-2023,"MA Chidambaram Stadium, Chepauk, Chennai",Chennai,1,Bangladesh,245,51.3
1384402,13-10-2023,"MA Chidambaram Stadium, Chepauk, Chennai",Chennai,2,New Zealand,248,44.5
1384403,14-10-2023,"Narendra Modi Stadium, Ahmedabad",Ahmedabad,1,Pakistan,191,43
1384403,14-10-2023,"Narendra Modi Stadium, Ahmedabad",Ahmedabad,2,India,192,30.7
1384405,16-10-2023,"Bharat Ratna Shri Atal Bihari Vajpayee Ekana Cricket Stadium, Lucknow",Lucknow,1,Sri Lanka,209,45
1384405,16-10-2023,"Bharat Ratna Shri Atal Bihari Vajpayee Ekana Cricket Stadium, Lucknow",Lucknow,2,Australia,215,35.8
1384406,17-10-2023,"Himachal Pradesh Cricket Association Stadium, Dharamsala",Dharamsala,1,Netherlands,245,46
1384406,17-10-2023,"Himachal Pradesh Cricket Association Stadium, Dharamsala",Dharamsala,2,South Africa,207,43.8
1384408,19-10-2023,"Maharashtra Cricket Association Stadium, Pune",Pune,1,Bangladesh,256,50.8
1384408,19-10-2023,"Maharashtra Cricket Association Stadium, Pune",Pune,2,India,261,42.2
1384409,20-10-2023,"M Chinnaswamy Stadium, Bengaluru",Bengaluru,1,Australia,367,52.2
1384409,20-10-2023,"M Chinnaswamy Stadium, Bengaluru",Bengaluru,2,Pakistan,305,47.3
1384410,21-10-2023,"Bharat Ratna Shri Atal Bihari Vajpayee Ekana Cricket Stadium, Lucknow",Lucknow,1,Netherlands,262,53.2
1384410,21-10-2023,"Bharat Ratna Shri Atal Bihari Vajpayee Ekana Cricket Stadium, Lucknow",Lucknow,2,Sri Lanka,263,49.5
1384411,21-10-2023,"Wankhede Stadium, Mumbai",Mumbai,1,South Africa,399,51.7
1384411,21-10-2023,"Wankhede Stadium, Mumbai",Mumbai,2,England,170,23
1384412,22-10-2023,"Himachal Pradesh Cricket Association Stadium, Dharamsala",Dharamsala,1,New Zealand,273,51.2
1384412,22-10-2023,"Himachal Pradesh Cricket Association Stadium, Dharamsala",Dharamsala,2,India,274,48.7
1384414,24-10-2023,"Wankhede Stadium, Mumbai",Mumbai,1,South Africa,382,51.2
1384414,24-10-2023,"Wankhede Stadium, Mumbai",Mumbai,2,Bangladesh,233,49
1384415,25-10-2023,"Arun Jaitley Stadium, Delhi",Delhi,1,Australia,399,52
1384415,25-10-2023,"Arun Jaitley Stadium, Delhi",Delhi,2,Netherlands,90,22.2
1384416,26-10-2023,"M Chinnaswamy Stadium, Bengaluru",Bengaluru,1,England,156,34
1384416,26-10-2023,"M Chinnaswamy Stadium, Bengaluru",Bengaluru,2,Sri Lanka,160,26.2
1384417,27-10-2023,"MA Chidambaram Stadium, Chepauk, Chennai",Chennai,1,Pakistan,270,49.2
1384417,27-10-2023,"MA Chidambaram Stadium, Chepauk, Chennai",Chennai,2,South Africa,271,49
1384418,28-10-2023,"Himachal Pradesh Cricket Association Stadium, Dharamsala",Dharamsala,1,Australia,388,50.7
1384418,28-10-2023,"Himachal Pradesh Cricket Association Stadium, Dharamsala",Dharamsala,2,New Zealand,383,52.3
1384419,28-10-2023,"Eden Gardens, Kolkata",Kolkata,1,Netherlands,229,51
1384419,28-10-2023,"Eden Gardens, Kolkata",Kolkata,2,Bangladesh,142,43.3
1384420,29-10-2023,"Bharat Ratna Shri Atal Bihari Vajpayee Ekana Cricket Stadium, Lucknow",Lucknow,1,India,229,50.5
1384420,29-10-2023,"Bharat Ratna Shri Atal Bihari Vajpayee Ekana Cricket Stadium, Lucknow",Lucknow,2,England,129,35.8
1384422,31-10-2023,"Eden Gardens, Kolkata",Kolkata,1,Bangladesh,204,46
1384422,31-10-2023,"Eden Gardens, Kolkata",Kolkata,2,Pakistan,205,32.8
1384423,01-11-2023,"Maharashtra Cricket Association Stadium, Pune",Pune,1,South Africa,357,51.3
1384423,01-11-2023,"Maharashtra Cricket Association Stadium, Pune",Pune,2,New Zealand,167,36
1384424,02-11-2023,"Wankhede Stadium, Mumbai",Mumbai,1,India,357,51.5
1384424,02-11-2023,"Wankhede Stadium, Mumbai",Mumbai,2,Sri Lanka,55,20.3
1384426,04-11-2023,"M Chinnaswamy Stadium, Bengaluru",Bengaluru,1,New Zealand,401,52.3
1384426,04-11-2023,"M Chinnaswamy Stadium, Bengaluru",Bengaluru,2,Pakistan,200,26
1384427,04-11-2023,"Narendra Modi Stadium, Ahmedabad",Ahmedabad,1,Australia,286,50.2
1384427,04-11-2023,"Narendra Modi Stadium, Ahmedabad",Ahmedabad,2,England,253,49.5
1384428,05-11-2023,"Eden Gardens, Kolkata",Kolkata,1,India,326,53.3
1384428,05-11-2023,"Eden Gardens, Kolkata",Kolkata,2,South Africa,83,27.5
1384429,06-11-2023,"Arun Jaitley Stadium, Delhi",Delhi,1,Sri Lanka,279,50.2
1384429,06-11-2023,"Arun Jaitley Stadium, Delhi",Delhi,2,Bangladesh,282,42.8
1384431,08-11-2023,"Maharashtra Cricket Association Stadium, Pune",Pune,1,England,339,52.8
1384431,08-11-2023,"Maharashtra Cricket Association Stadium, Pune",Pune,2,Netherlands,179,38
1384432,09-11-2023,"M Chinnaswamy Stadium, Bengaluru",Bengaluru,1,Sri Lanka,171,47.2
1384432,09-11-2023,"M Chinnaswamy Stadium, Bengaluru",Bengaluru,2,New Zealand,172,23.7
1384434,11-11-2023,"Maharashtra Cricket Association Stadium, Pune",Pune,1,Bangladesh,306,51.7
1384434,11-11-2023,"Maharashtra Cricket Association Stadium, Pune",Pune,2,Australia,307,45.3
1384435,11-11-2023,"Eden Gardens, Kolkata",Kolkata,1,England,337,50.7
1384435,11-11-2023,"Eden Gardens, Kolkata",Kolkata,2,Pakistan,244,44.3
1384436,12-11-2023,"M Chinnaswamy Stadium, Bengaluru",Bengaluru,1,India,410,52.3
1384436,12-11-2023,"M Chinnaswamy Stadium, Bengaluru",Bengaluru,2,Netherlands,250,48.5
1384437,15-11-2023,"Wankhede Stadium, Mumbai",Mumbai,1,India,397,51
1384437,15-11-2023,"Wankhede Stadium, Mumbai",Mumbai,2,New Zealand,327,50.8
1384438,16-11-2023,"Eden Gardens, Kolkata",Kolkata,1,South Africa,212,50.8
1384438,16-11-2023,"Eden Gardens, Kolkata",Kolkata,2,Australia,215,49.7
1384439,19-11-2023,"Narendra Modi Stadium, Ahmedabad",Ahmedabad,1,India,240,51.2
1384439,19-11-2023,"Narendra Modi Stadium, Ahmedabad",Ahmedabad,2,Australia,241,43.7
1385700,19-09-2024,"Trent Bridge, Nottingham",Nottingham,1,England,315,51.2
1385700,19-09-2024,"Trent Bridge, Nottingham",Nottingham,2,Australia,317,45
1385701,21-09-2024,"Headingley, Leeds",Leeds,1,Australia,270,46.3
1385701,21-09-2024,"Headingley, Leeds",Leeds,2,England,202,42.3
1385702,24-09-2024,"Riverside Ground, Chester-le-Street",Chester-le-Street,1,Australia,304,51.5
1385702,24-09-2024,"Riverside Ground, Chester-le-Street",Chester-le-Street,2,England,254,39.5
1385703,27-09-2024,"Lord's, London",London,1,England,312,40.3
1385703,27-09-2024,"Lord's, London",London,2,Australia,126,26.2
1385704,29-09-2024,"County Ground, Bristol",Bristol,1,England,309,49.7
1385704,29-09-2024,"County Ground, Bristol",Bristol,2,Australia,165,21.2
1387600,17-12-2023,"The Wanderers Stadium, Johannesburg",Johannesburg,1,South Africa,116,29.2
1387600,17-12-2023,"The Wanderers Stadium, Johannesburg",Johannesburg,2,India,117,17.3
1387601,19-12-2023,"St George's Park, Gqeberha",Gqeberha,1,India,211,48.2
1387601,19-12-2023,"St George's Park, Gqeberha",Gqeberha,2,South Africa,215,43.5
1387602,21-12-2023,"Boland Park, Paarl",Paarl,1,India,296,51.8
1387602,21-12-2023,"Boland Park, Paarl",Paarl,2,South Africa,218,47.8
1388211,20-12-2023,"Saxton Oval, Nelson",Nelson,1,Bangladesh,291,50.7
1388211,20-12-2023,"Saxton Oval, Nelson",Nelson,2,New Zealand,296,47.5
1388212,23-12-2023,"McLean Park, Napier",Napier,1,New Zealand,98,32.2
1388212,23-12-2023,"McLean Park, Napier",Napier,2,Bangladesh,99,16.2
1388392,30-08-2023,Multan Cricket Stadium,Multan,1,Pakistan,342,51.5
1388392,30-08-2023,Multan Cricket Stadium,Multan,2,Nepal,104,24.3
1388393,31-08-2023,Pallekele International Cricket Stadium,Kandy,1,Bangladesh,164,43.5
1388393,31-08-2023,Pallekele International Cricket Stadium,Kandy,2,Sri Lanka,165,40
1388394,02-09-2023,Pallekele International Cricket Stadium,Kandy,1,India,266,50.7
1388398,04-09-2023,Pallekele International Cricket Stadium,Kandy,1,Nepal,230,48.8
1388398,04-09-2023,Pallekele International Cricket Stadium,Kandy,2,India,147,20.8
1388401,06-09-2023,"Gaddafi Stadium, Lahore",Lahore,1,Bangladesh,193,39.2
1388401,06-09-2023,"Gaddafi Stadium, Lahore",Lahore,2,Pakistan,194,39.8
1388403,09-09-2023,"R Premadasa Stadium, Colombo",Colombo,1,Sri Lanka,257,51.5
1388403,09-09-2023,"R Premadasa Stadium, Colombo",Colombo,2,Bangladesh,236,50.2
1388406,10-09-2023,"R Premadasa Stadium, Colombo",Colombo,1,India,356,50.8
1388406,10-09-2023,"R Premadasa Stadium, Colombo",Colombo,2,Pakistan,128,33
1388407,12-09-2023,"R Premadasa Stadium, Colombo",Colombo,1,India,213,51.2
1388407,12-09-2023,"R Premadasa Stadium, Colombo",Colombo,2,Sri Lanka,172,42.3
1388410,14-09-2023,"R Premadasa Stadium, Colombo",Colombo,1,Pakistan,252,44.3
1388410,14-09-2023,"R Premadasa Stadium, Colombo",Colombo,2,Sri Lanka,252,42.8
1388412,15-09-2023,"R Premadasa Stadium, Colombo",Colombo,1,Bangladesh,265,51.2
1388412,15-09-2023,"R Premadasa Stadium, Colombo",Colombo,2,India,259,51.5
1388414,17-09-2023,"R Premadasa Stadium, Colombo",Colombo,1,Sri Lanka,50,15.8
1388414,17-09-2023,"R Premadasa Stadium, Colombo",Colombo,2,India,51,6.2
1389388,22-09-2023,"Punjab Cricket Association IS Bindra Stadium, Mohali, Chandigarh",Chandigarh,1,Australia,276,50.3
1389388,22-09-2023,"Punjab Cricket Association IS Bindra Stadium, Mohali, Chandigarh",Chandigarh,2,India,281,49.2
1389389,24-09-2023,"Holkar Cricket Stadium, Indore",Indore,1,India,399,51.7
1389389,24-09-2023,"Holkar Cricket Stadium, Indore",Indore,2,Australia,217,28.8
1389390,27-09-2023,"Saurashtra Cricket Association Stadium, Rajkot",Rajkot,1,Australia,352,51.3
1389390,27-09-2023,"Saurashtra Cricket Association Stadium, Rajkot",Rajkot,2,India,286,50.5
1395700,21-09-2023,"Shere Bangla National Stadium, Mirpur",Dhaka,1,New Zealand,136,34.7
1395701,23-09-2023,"Shere Bangla National Stadium, Mirpur",Dhaka,1,New Zealand,254,50.5
1395701,23-09-2023,"Shere Bangla National Stadium, Mirpur",Dhaka,2,Bangladesh,168,42
1395702,26-09-2023,"Shere Bangla National Stadium, Mirpur",Dhaka,1,Bangladesh,171,35.5
1395702,26-09-2023,"Shere Bangla National Stadium, Mirpur",Dhaka,2,New Zealand,175,35.2
1408102,17-12-2023,"University Oval, Dunedin",Dunedin,1,New Zealand,239,31.3
1408102,17-12-2023,"University Oval, Dunedin",Dunedin,2,Bangladesh,200,31.2
1408106,13-12-2023,Harare Sports Club,Harare,1,Zimbabwe,121,25.8
1408107,15-12-2023,Harare Sports Club,Harare,1,Zimbabwe,166,44.2
1408107,15-12-2023,Harare Sports Club,Harare,2,Ireland,170,41
1408108,17-12-2023,Harare Sports Club,Harare,1,Zimbabwe,197,41.2
1408108,17-12-2023,Harare Sports Club,Harare,2,Ireland,204,38.8
1412539,06-01-2024,"R Premadasa Stadium, Colombo",Colombo,1,Sri Lanka,273,50.7
1412539,06-01-2024,"R Premadasa Stadium, Colombo",Colombo,2,Zimbabwe,12,4
1412540,08-01-2024,"R Premadasa Stadium, Colombo",Colombo,1,Zimbabwe,208,45.3
1412540,08-01-2024,"R Premadasa Stadium, Colombo",Colombo,2,Sri Lanka,211,50
1412541,11-01-2024,"R Premadasa Stadium, Colombo",Colombo,1,Zimbabwe,96,23.2
1412541,11-01-2024,"R Premadasa Stadium, Colombo",Colombo,2,Sri Lanka,97,17.2
1419827,13-03-2024,"Zahur Ahmed Chowdhury Stadium, Chattogram",Chattogram,1,Sri Lanka,255,50.5
1419827,13-03-2024,"Zahur Ahmed Chowdhury Stadium, Chattogram",Chattogram,2,Bangladesh,257,46.2
1419828,15-03-2024,"Zahur Ahmed Chowdhury Stadium, Chattogram",Chattogram,1,Bangladesh,286,51.2
1419828,15-03-2024,"Zahur Ahmed Chowdhury Stadium, Chattogram",Chattogram,2,Sri Lanka,287,49
1419829,18-03-2024,"Zahur Ahmed Chowdhury Stadium, Chattogram",Chattogram,1,Sri Lanka,235,52
1419829,18-03-2024,"Zahur Ahmed Chowdhury Stadium, Chattogram",Chattogram,2,Bangladesh,237,41.5
1420220,08-02-2024,"Tribhuvan University International Cricket Ground, Kirtipur",Kirtipur,1,Nepal,224,51.8
1420220,08-02-2024,"Tribhuvan University International Cricket Ground, Kirtipur",Kirtipur,2,Canada,217,49.5
1420221,10-02-2024,"Tribhuvan University International Cricket Ground, Kirtipur",Kirtipur,1,Canada,285,51.2
1420221,10-02-2024,"Tribhuvan University International Cricket Ground, Kirtipur",Kirtipur,2,Nepal,287,46.3
1420222,12-02-2024,"Tribhuvan University International Cricket Ground, Kirtipur",Kirtipur,1,Canada,232,51.2
1420222,12-02-2024,"Tribhuvan University International Cricket Ground, Kirtipur",Kirtipur,2,Nepal,229,44.8
1420529,15-02-2024,"Tribhuvan University International Cricket Ground, Kirtipur",Kirtipur,1,Nepal,132,41.7
1420529,15-02-2024,"Tribhuvan University International Cricket Ground, Kirtipur",Kirtipur,2,Namibia,134,33.7
1420530,17-02-2024,"Tribhuvan University International Cricket Ground, Kirtipur",Kirtipur,1,Netherlands,137,39.7
1420530,17-02-2024,"Tribhuvan University International Cricket Ground, Kirtipur",Kirtipur,2,Nepal,141,15.7
1420531,19-02-2024,"Tribhuvan University International Cricket Ground, Kirtipur",Kirtipur,1,Namibia,123,36.2
1420531,19-02-2024,"Tribhuvan University International Cricket Ground, Kirtipur",Kirtipur,2,Netherlands,124,27.7
1420532,21-02-2024,"Tribhuvan University International Cricket Ground, Kirtipur",Kirtipur,1,Nepal,168,37.7
1420532,21-02-2024,"Tribhuvan University International Cricket Ground, Kirtipur",Kirtipur,2,Namibia,172,40.7
1420533,23-02-2024,"Tribhuvan University International Cricket Ground, Kirtipur",Kirtipur,1,Namibia,203,42.8
1420533,23-02-2024,"Tribhuvan University International Cricket Ground, Kirtipur",Kirtipur,2,Netherlands,179,44.7
1420534,25-02-2024,"Tribhuvan University International Cricket Ground, Kirtipur",Kirtipur,1,Nepal,172,51
1420534,25-02-2024,"Tribhuvan University International Cricket Ground, Kirtipur",Kirtipur,2,Netherlands,173,38
1421069,28-02-2024,Dubai International Cricket Stadium,Dubai,1,United Arab Emirates,194,49
1421069,28-02-2024,Dubai International Cricket Stadium,Dubai,2,Canada,198,48.8
1421070,01-03-2024,Dubai International Cricket Stadium,Dubai,1,Scotland,215,50.7
1421070,01-03-2024,Dubai International Cricket Stadium,Dubai,2,Canada,220,42
1421071,03-03-2024,Dubai International Cricket Stadium,Dubai,1,United Arab Emirates,132,45.7
1421071,03-03-2024,Dubai International Cricket Stadium,Dubai,2,Scotland,137,24.2
1421072,05-03-2024,Dubai International Cricket Stadium,Dubai,1,Canada,241,51
1421072,05-03-2024,Dubai International Cricket Stadium,Dubai,2,United Arab Emirates,228,46.7
1421073,07-03-2024,Dubai International Cricket Stadium,Dubai,1,Scotland,197,48.8
1421073,07-03-2024,Dubai International Cricket Stadium,Dubai,2,Canada,200,46
1421074,04-05-2025,"VRA Ground, Amstelveen",Amstelveen,1,United Arab Emirates,225,50.5
1421074,04-05-2025,"VRA Ground, Amstelveen",Amstelveen,2,Scotland,226,47.5
1426549,04-11-2024,Melbourne Cricket Ground,Melbourne,1,Pakistan,203,47.3
1426549,04-11-2024,Melbourne Cricket Ground,Melbourne,2,Australia,204,35.5
1426550,08-11-2024,Adelaide Oval,Adelaide,1,Australia,163,36
1426550,08-11-2024,Adelaide Oval,Adelaide,2,Pakistan,169,27
1426551,10-11-2024,Perth Stadium,Perth,1,Australia,140,33.8
1426551,10-11-2024,Perth Stadium,Perth,2,Pakistan,143,27.5
1428956,16-07-2024,"Forthill, Dundee",Dundee,1,Oman,123,38.8
1428956,16-07-2024,"Forthill, Dundee",Dundee,2,Scotland,99,13
1428957,18-07-2024,"Forthill, Dundee",Dundee,1,Oman,233,52.3
1428957,18-07-2024,"Forthill, Dundee",Dundee,2,Namibia,234,48.5
1428958,20-07-2024,"Forthill, Dundee",Dundee,1,Scotland,290,51.7
1428958,20-07-2024,"Forthill, Dundee",Dundee,2,Namibia,235,45.7
1428959,22-07-2024,"Forthill, Dundee",Dundee,1,Oman,91,22.7
1428959,22-07-2024,"Forthill, Dundee",Dundee,2,Scotland,95,18.3
1428960,24-07-2024,"Forthill, Dundee",Dundee,1,Namibia,196,51
1428960,24-07-2024,"Forthill, Dundee",Dundee,2,Oman,197,49.8
1428961,26-07-2024,"Forthill, Dundee",Dundee,1,Scotland,301,51.2
1428961,26-07-2024,"Forthill, Dundee",Dundee,2,Namibia,163,41.2
1431088,02-10-2024,"Zayed Cricket Stadium, Abu Dhabi",Abu Dhabi,1,South Africa,271,51
1431088,02-10-2024,"Zayed Cricket Stadium, Abu Dhabi",Abu Dhabi,2,Ireland,132,32.5
1431089,04-10-2024,"Zayed Cricket Stadium, Abu Dhabi",Abu Dhabi,1,South Africa,343,50.8
1431089,04-10-2024,"Zayed Cricket Stadium, Abu Dhabi",Abu Dhabi,2,Ireland,169,32
1431090,07-10-2024,"Zayed Cricket Stadium, Abu Dhabi",Abu Dhabi,1,Ireland,284,51.3
1431090,07-10-2024,"Zayed Cricket Stadium, Abu Dhabi",Abu Dhabi,2,South Africa,215,47.7
1432214,17-12-2024,"Boland Park, Paarl",Paarl,1,South Africa,239,50.7
1432214,17-12-2024,"Boland Park, Paarl",Paarl,2,Pakistan,242,50.8
1432215,19-12-2024,"Newlands, Cape Town",Cape Town,1,Pakistan,329,51.3
1432215,19-12-2024,"Newlands, Cape Town",Cape Town,2,South Africa,248,43.8
1432216,22-12-2024,"The Wanderers Stadium, Johannesburg",Johannesburg,1,Pakistan,308,49.5
1432216,22-12-2024,"The Wanderers Stadium, Johannesburg",Johannesburg,2,South Africa,271,43.2
1433370,31-10-2024,"Sir Vivian Richards Stadium, North Sound, Antigua",North Sound,1,England,209,46.2
1433370,31-10-2024,"Sir Vivian Richards Stadium, North Sound, Antigua",North Sound,2,West Indies,157,26.7
1433371,02-11-2024,"Sir Vivian Richards Stadium, North Sound, Antigua",North Sound,1,West Indies,328,51
1433371,02-11-2024,"Sir Vivian Richards Stadium, North Sound, Antigua",North Sound,2,England,329,49
1433372,06-11-2024,"Kensington Oval, Bridgetown, Barbados",Bridgetown,1,England,263,50.8
1433372,06-11-2024,"Kensington Oval, Bridgetown, Barbados",Bridgetown,2,West Indies,267,44.3
1433380,08-12-2024,"Warner Park, Basseterre, St Kitts",Basseterre,1,Bangladesh,294,51.3
1433380,08-12-2024,"Warner Park, Basseterre, St Kitts",Basseterre,2,West Indies,295,48.3
1433381,10-12-2024,"Warner Park, Basseterre, St Kitts",Basseterre,1,Bangladesh,227,47.3
1433381,10-12-2024,"Warner Park, Basseterre, St Kitts",Basseterre,2,West Indies,230,38
1433382,12-12-2024,"Warner Park, Basseterre, St Kitts",Basseterre,1,Bangladesh,321,51.5
1433382,12-12-2024,"Warner Park, Basseterre, St Kitts",Basseterre,2,West Indies,325,46.5
1439904,06-02-2025,"Vidarbha Cricket Association Stadium, Jamtha, Nagpur",Nagpur,1,England,248,48
1439904,06-02-2025,"Vidarbha Cricket Association Stadium, Jamtha, Nagpur",Nagpur,2,India,251,39.5
1439905,09-02-2025,"Barabati Stadium, Cuttack",Cuttack,1,England,304,51.3
1439905,09-02-2025,"Barabati Stadium, Cuttack",Cuttack,2,India,308,45.7
1439906,12-02-2025,"Narendra Modi Stadium, Ahmedabad",Ahmedabad,1,India,356,51.3
1439906,12-02-2025,"Narendra Modi Stadium, Ahmedabad",Ahmedabad,2,England,214,34.8
1442220,08-02-2025,"Gaddafi Stadium, Lahore",Lahore,1,New Zealand,330,51
1442220,08-02-2025,"Gaddafi Stadium, Lahore",Lahore,2,Pakistan,252,48.8
1442221,10-02-2025,"Gaddafi Stadium, Lahore",Lahore,1,South Africa,304,52.5
1442221,10-02-2025,"Gaddafi Stadium, Lahore",Lahore,2,New Zealand,308,50.7
1442222,12-02-2025,"National Stadium, Karachi",Karachi,1,South Africa,352,51
1442222,12-02-2025,"National Stadium, Karachi",Karachi,2,Pakistan,355,50.2
1442223,14-02-2025,"National Stadium, Karachi",Karachi,1,Pakistan,242,51.2
1442223,14-02-2025,"National Stadium, Karachi",Karachi,2,New Zealand,243,47.3
1442990,02-08-2024,"R Premadasa Stadium, Colombo",Colombo,1,Sri Lanka,230,51
1442990,02-08-2024,"R Premadasa Stadium, Colombo",Colombo,2,India,230,48.5
1442991,04-08-2024,"R Premadasa Stadium, Colombo",Colombo,1,Sri Lanka,240,51.2
1442991,04-08-2024,"R Premadasa Stadium, Colombo",Colombo,2,India,208,43.2
1442992,07-08-2024,"R Premadasa Stadium, Colombo",Colombo,1,Sri Lanka,248,50.2
1442992,07-08-2024,"R Premadasa Stadium, Colombo",Colombo,2,India,138,26.2
1443546,05-01-2025,"Basin Reserve, Wellington",Wellington,1,Sri Lanka,178,45
1443546,05-01-2025,"Basin Reserve, Wellington",Wellington,2,New Zealand,180,28
1443547,08-01-2025,"Seddon Park, Hamilton",Hamilton,1,New Zealand,255,37.7
1443547,08-01-2025,"Seddon Park, Hamilton",Hamilton,2,Sri Lanka,142,31.3
1443548,11-01-2025,"Eden Park, Auckland",Auckland,1,Sri Lanka,290,50.7
1443548,11-01-2025,"Eden Park, Auckland",Auckland,2,New Zealand,150,32.2
1443554,29-03-2025,"McLean Park, Napier",Napier,1,New Zealand,344,53.2
1443554,29-03-2025,"McLean Park, Napier",Napier,2,Pakistan,271,46.3
1443555,02-04-2025,"Seddon Park, Hamilton",Hamilton,1,New Zealand,292,53
1443555,02-04-2025,"Seddon Park, Hamilton",Hamilton,2,Pakistan,208,43.7
1443556,05-04-2025,"Bay Oval, Mount Maunganui",Mount Maunganui,1,New Zealand,264,43.8
1443556,05-04-2025,"Bay Oval, Mount Maunganui",Mount Maunganui,2,Pakistan,221,42.5
1444649,24-11-2024,"Queens Sports Club, Bulawayo",Bulawayo,1,Zimbabwe,205,41.5
1444649,24-11-2024,"Queens Sports Club, Bulawayo",Bulawayo,2,Pakistan,60,21.2
1444650,26-11-2024,"Queens Sports Club, Bulawayo",Bulawayo,1,Zimbabwe,145,33.3
1444650,26-11-2024,"Queens Sports Club, Bulawayo",Bulawayo,2,Pakistan,148,18.8
1444651,28-11-2024,"Queens Sports Club, Bulawayo",Bulawayo,1,Pakistan,303,51.3
1444651,28-11-2024,"Queens Sports Club, Bulawayo",Bulawayo,2,Zimbabwe,204,40.3
1445034,11-08-2024,"Sportpark Westvliet, The Hague",The Hague,1,Canada,194,49.2
1445034,11-08-2024,"Sportpark Westvliet, The Hague",The Hague,2,Netherlands,195,47.3
1445035,13-08-2024,"Sportpark Westvliet, The Hague",The Hague,1,United States of America,304,51.5
1445035,13-08-2024,"Sportpark Westvliet, The Hague",The Hague,2,Canada,290,51.5
1445036,15-08-2024,"Sportpark Westvliet, The Hague",The Hague,1,Netherlands,237,50.3
1445036,15-08-2024,"Sportpark Westvliet, The Hague",The Hague,2,United States of America,218,51.5
1445037,17-08-2024,"Hazelaarweg, Rotterdam",Rotterdam,1,Netherlands,220,50
1445037,17-08-2024,"Hazelaarweg, Rotterdam",Rotterdam,2,Canada,157,38
1445038,19-08-2024,"Hazelaarweg, Rotterdam",Rotterdam,1,United States of America,275,51.3
1445038,19-08-2024,"Hazelaarweg, Rotterdam",Rotterdam,2,Canada,225,48.5
1445039,21-08-2024,"Hazelaarweg, Rotterdam",Rotterdam,1,Netherlands,206,50.8
1445039,21-08-2024,"Hazelaarweg, Rotterdam",Rotterdam,2,United States of America,179,47
1448343,29-05-2025,"Edgbaston, Birmingham",Birmingham,1,England,400,52.2
1448343,29-05-2025,"Edgbaston, Birmingham",Birmingham,2,West Indies,162,27.8
1448344,01-06-2025,"Sophia Gardens, Cardiff",Cardiff,1,West Indies,308,49.2
1448344,01-06-2025,"Sophia Gardens, Cardiff",Cardiff,2,England,312,50.2
1448345,03-06-2025,"Kennington Oval, London",London,1,West Indies,251,41.2
1448345,03-06-2025,"Kennington Oval, London",London,2,England,246,30.5
1448354,02-09-2025,"Headingley, Leeds",Leeds,1,England,131,25.2
1448354,02-09-2025,"Headingley, Leeds",Leeds,2,South Africa,137,21.7
1448355,04-09-2025,"Lord's, London",London,1,South Africa,330,52
1448355,04-09-2025,"Lord's, London",London,2,England,325,51.3
1448356,07-09-2025,"The Rose Bowl, Southampton",Southampton,1,England,414,53.3
1448356,07-09-2025,"The Rose Bowl, Southampton",Southampton,2,South Africa,72,22
1450690,16-09-2024,"United Cricket Club Ground, Windhoek",Windhoek,1,Namibia,199,51.7
1450690,16-09-2024,"United Cricket Club Ground, Windhoek",Windhoek,2,United States of America,200,41.7
1450691,18-09-2024,"United Cricket Club Ground, Windhoek",Windhoek,1,United Arab Emirates,106,32.3
1450691,18-09-2024,"United Cricket Club Ground, Windhoek",Windhoek,2,United States of America,107,16.3
1450692,20-09-2024,"United Cricket Club Ground, Windhoek",Windhoek,1,Namibia,313,51.8
1450692,20-09-2024,"United Cricket Club Ground, Windhoek",Windhoek,2,United Arab Emirates,316,51.5
1450693,22-09-2024,"United Cricket Club Ground, Windhoek",Windhoek,1,Namibia,286,51.3
1450693,22-09-2024,"United Cricket Club Ground, Windhoek",Windhoek,2,United States of America,287,46.2
1450694,24-09-2024,"United Cricket Club Ground, Windhoek",Windhoek,1,United States of America,339,51
1450694,24-09-2024,"United Cricket Club Ground, Windhoek",Windhoek,2,United Arab Emirates,203,37
1450695,26-09-2024,"Wanderers Cricket Ground, Windhoek",Windhoek,1,United Arab Emirates,190,44.7
1450695,26-09-2024,"Wanderers Cricket Ground, Windhoek",Windhoek,2,Namibia,194,29.3
1450696,16-09-2024,"Maple Leaf North-West Ground, King City",King City,1,Canada,253,51.8
1450696,16-09-2024,"Maple Leaf North-West Ground, King City",King City,2,Nepal,150,41.7
1450697,18-09-2024,"Maple Leaf North-West Ground, King City",King City,1,Nepal,220,51.2
1450697,18-09-2024,"Maple Leaf North-West Ground, King City",King City,2,Oman,223,50.3
1450698,20-09-2024,"Maple Leaf North-West Ground, King City",King City,1,Canada,276,51.2
1450698,20-09-2024,"Maple Leaf North-West Ground, King City",King City,2,Oman,217,48.3
1450699,22-09-2024,"Maple Leaf North-West Ground, King City",King City,1,Nepal,181,48.7
1450699,22-09-2024,"Maple Leaf North-West Ground, King City",King City,2,Canada,186,42.8
1450701,26-09-2024,"Maple Leaf North-West Ground, King City",King City,1,Oman,198,51.2
1450701,26-09-2024,"Maple Leaf North-West Ground, King City",King City,2,Canada,199,46.7
1450702,25-10-2024,"Grand Prairie Stadium, Dallas",Dallas,1,United States of America,144,40.7
1450702,25-10-2024,"Grand Prairie Stadium, Dallas",Dallas,2,Scotland,145,24.8
1450704,29-10-2024,"Grand Prairie Stadium, Dallas",Dallas,1,Scotland,154,42.7
1450704,29-10-2024,"Grand Prairie Stadium, Dallas",Dallas,2,Nepal,157,31
1450705,31-10-2024,"Grand Prairie Stadium, Dallas",Dallas,1,Scotland,317,51
1450705,31-10-2024,"Grand Prairie Stadium, Dallas",Dallas,2,United States of America,246,45
1450706,02-11-2024,"Grand Prairie Stadium, Dallas",Dallas,1,United States of America,281,50.8
1450706,02-11-2024,"Grand Prairie Stadium, Dallas",Dallas,2,Nepal,244,50.3
1450707,04-11-2024,"Grand Prairie Stadium, Dallas",Dallas,1,Nepal,26,6.5
1451817,20-10-2024,Pallekele International Cricket Stadium,Kandy,1,West Indies,185,39
1451817,20-10-2024,Pallekele International Cricket Stadium,Kandy,2,Sri Lanka,234,32.2
1451818,23-10-2024,Pallekele International Cricket Stadium,Kandy,1,West Indies,189,36.7
1451818,23-10-2024,Pallekele International Cricket Stadium,Kandy,2,Sri Lanka,190,38.7
1451819,26-10-2024,Pallekele International Cricket Stadium,Kandy,1,Sri Lanka,156,23.2
1451819,26-10-2024,Pallekele International Cricket Stadium,Kandy,2,West Indies,196,22.7
1456443,13-11-2024,Rangiri Dambulla International Stadium,Dambulla,1,Sri Lanka,324,50.3
1456443,13-11-2024,Rangiri Dambulla International Stadium,Dambulla,2,New Zealand,175,27.7
1456444,17-11-2024,Pallekele International Cricket Stadium,Kandy,1,New Zealand,209,46.2
1456444,17-11-2024,Pallekele International Cricket Stadium,Kandy,2,Sri Lanka,210,46.8
1456445,19-11-2024,Pallekele International Cricket Stadium,Kandy,1,New Zealand,112,21
1457464,01-11-2024,Al Amerat Cricket Ground Oman Cricket (Ministry Turf 1),Al Amarat,1,United Arab Emirates,128,42.5
1457464,01-11-2024,Al Amerat Cricket Ground Oman Cricket (Ministry Turf 1),Al Amarat,2,Oman,129,45
1457465,03-11-2024,Al Amerat Cricket Ground Oman Cricket (Ministry Turf 1),Al Amarat,1,United Arab Emirates,240,50.8
1457465,03-11-2024,Al Amerat Cricket Ground Oman Cricket (Ministry Turf 1),Al Amarat,2,Netherlands,214,48.5
1457466,05-11-2024,Al Amerat Cricket Ground Oman Cricket (Ministry Turf 1),Al Amarat,1,Netherlands,132,41
1457466,05-11-2024,Al Amerat Cricket Ground Oman Cricket (Ministry Turf 1),Al Amarat,2,Oman,133,35.2
1457467,07-11-2024,Al Amerat Cricket Ground Oman Cricket (Ministry Turf 1),Al Amarat,1,United Arab Emirates,78,26.3
1457467,07-11-2024,Al Amerat Cricket Ground Oman Cricket (Ministry Turf 1),Al Amarat,2,Oman,79,24.5
1457468,09-11-2024,Al Amerat Cricket Ground Oman Cricket (Ministry Turf 1),Al Amarat,1,Netherlands,241,50.3
1457468,09-11-2024,Al Amerat Cricket Ground Oman Cricket (Ministry Turf 1),Al Amarat,2,United Arab Emirates,174,46.2
1457469,11-11-2024,Al Amerat Cricket Ground Oman Cricket (Ministry Turf 1),Al Amarat,1,Oman,155,44.8
1457469,11-11-2024,Al Amerat Cricket Ground Oman Cricket (Ministry Turf 1),Al Amarat,2,Netherlands,154,46.3
1459908,12-02-2025,"R Premadasa Stadium, Colombo",Colombo,1,Sri Lanka,214,46.8
1459908,12-02-2025,"R Premadasa Stadium, Colombo",Colombo,2,Australia,165,34.8
1466414,19-02-2025,"National Stadium, Karachi",Karachi,1,New Zealand,320,51.2
1466414,19-02-2025,"National Stadium, Karachi",Karachi,2,Pakistan,260,48
1466415,20-02-2025,Dubai International Cricket Stadium,Dubai,1,Bangladesh,228,51
1466415,20-02-2025,Dubai International Cricket Stadium,Dubai,2,India,231,47
1466417,22-02-2025,"Gaddafi Stadium, Lahore",Lahore,1,England,351,51.5
1466417,22-02-2025,"Gaddafi Stadium, Lahore",Lahore,2,Australia,356,48.2
1466418,23-02-2025,Dubai International Cricket Stadium,Dubai,1,Pakistan,241,51.2
1466418,23-02-2025,Dubai International Cricket Stadium,Dubai,2,India,244,43.8
1466419,24-02-2025,Rawalpindi Cricket Stadium,Rawalpindi,1,Bangladesh,236,52.5
1466419,24-02-2025,Rawalpindi Cricket Stadium,Rawalpindi,2,New Zealand,240,46.5
1466424,01-03-2025,"National Stadium, Karachi",Karachi,1,England,179,40.5
1466424,01-03-2025,"National Stadium, Karachi",Karachi,2,South Africa,181,30.8
1466425,02-03-2025,Dubai International Cricket Stadium,Dubai,1,India,249,51.5
1466425,02-03-2025,Dubai International Cricket Stadium,Dubai,2,New Zealand,205,46.3
1466426,04-03-2025,Dubai International Cricket Stadium,Dubai,1,Australia,264,50.7
1466426,04-03-2025,Dubai International Cricket Stadium,Dubai,2,India,267,48.7
1466427,05-03-2025,"Gaddafi Stadium, Lahore",Lahore,1,New Zealand,362,51
1466427,05-03-2025,"Gaddafi Stadium, Lahore",Lahore,2,South Africa,312,51.2
1466428,09-03-2025,Dubai International Cricket Stadium,Dubai,1,New Zealand,251,51.5
1466428,09-03-2025,Dubai International Cricket Stadium,Dubai,2,India,254,50
1467701,14-02-2025,Harare Sports Club,Harare,1,Zimbabwe,299,51.5
1467701,14-02-2025,Harare Sports Club,Harare,2,Ireland,250,48.8
1467702,16-02-2025,Harare Sports Club,Harare,1,Zimbabwe,245,50.5
1467702,16-02-2025,Harare Sports Club,Harare,2,Ireland,249,50.2
1467703,18-02-2025,Harare Sports Club,Harare,1,Ireland,240,51.2
1467703,18-02-2025,Harare Sports Club,Harare,2,Zimbabwe,246,40.3
1468879,08-02-2025,Al Amerat Cricket Ground Oman Cricket (Ministry Turf 1),Al Amarat,1,United States of America,293,43.7
1468879,08-02-2025,Al Amerat Cricket Ground Oman Cricket (Ministry Turf 1),Al Amarat,2,Namibia,179,41.3
1468880,10-02-2025,Al Amerat Cricket Ground Oman Cricket (Ministry Turf 1),Al Amarat,1,Namibia,169,47
1468880,10-02-2025,Al Amerat Cricket Ground Oman Cricket (Ministry Turf 1),Al Amarat,2,Oman,146,38.3
1468881,12-02-2025,Al Amerat Cricket Ground Oman Cricket (Ministry Turf 1),Al Amarat,1,United States of America,151,43
1468881,12-02-2025,Al Amerat Cricket Ground Oman Cricket (Ministry Turf 1),Al Amarat,2,Oman,152,46
1468882,14-02-2025,Al Amerat Cricket Ground Oman Cricket (Ministry Turf 1),Al Amarat,1,United States of America,268,51.7
1468882,14-02-2025,Al Amerat Cricket Ground Oman Cricket (Ministry Turf 1),Al Amarat,2,Namibia,198,43.3
1468883,16-02-2025,Al Amerat Cricket Ground Oman Cricket (Ministry Turf 1),Al Amarat,1,Namibia,96,33.5
1468883,16-02-2025,Al Amerat Cricket Ground Oman Cricket (Ministry Turf 1),Al Amarat,2,Oman,100,23.5
1468884,18-02-2025,Al Amerat Cricket Ground Oman Cricket (Ministry Turf 1),Al Amarat,1,United States of America,122,36.7
1468884,18-02-2025,Al Amerat Cricket Ground Oman Cricket (Ministry Turf 1),Al Amarat,2,Oman,65,25.7
1469168,14-02-2025,"R Premadasa Stadium, Colombo",Colombo,1,Sri Lanka,281,50.8
1469168,14-02-2025,"R Premadasa Stadium, Colombo",Colombo,2,Australia,107,24.7
1472511,21-05-2025,"Castle Avenue, Dublin",Dublin,1,Ireland,303,51.3
1472511,21-05-2025,"Castle Avenue, Dublin",Dublin,2,West Indies,179,35.2
1472512,23-05-2025,"Castle Avenue, Dublin",Dublin,1,West Indies,352,51.8
1472513,25-05-2025,"Castle Avenue, Dublin",Dublin,1,West Indies,385,54.2
1472513,25-05-2025,"Castle Avenue, Dublin",Dublin,2,Ireland,165,30.2
1472528,08-08-2025,"Brian Lara Stadium, Tarouba, Trinidad",Tarouba,1,West Indies,280,51
1472528,08-08-2025,"Brian Lara Stadium, Tarouba, Trinidad",Tarouba,2,Pakistan,284,51.5
1472529,10-08-2025,"Brian Lara Stadium, Tarouba, Trinidad",Tarouba,1,Pakistan,171,39
1472529,10-08-2025,"Brian Lara Stadium, Tarouba, Trinidad",Tarouba,2,West Indies,184,33.3
1472530,12-08-2025,"Brian Lara Stadium, Tarouba, Trinidad",Tarouba,1,West Indies,294,51
1472530,12-08-2025,"Brian Lara Stadium, Tarouba, Trinidad",Tarouba,2,Pakistan,92,29.7
1474410,07-03-2025,"Wanderers Cricket Ground, Windhoek",Windhoek,1,Netherlands,159,40.2
1474410,07-03-2025,"Wanderers Cricket Ground, Windhoek",Windhoek,2,Namibia,106,30.8
1474411,09-03-2025,"Wanderers Cricket Ground, Windhoek",Windhoek,1,Canada,167,39.7
1474411,09-03-2025,"Wanderers Cricket Ground, Windhoek",Windhoek,2,Namibia,174,40.7
1474413,13-03-2025,"Wanderers Cricket Ground, Windhoek",Windhoek,1,Namibia,148,45.7
1474413,13-03-2025,"Wanderers Cricket Ground, Windhoek",Windhoek,2,Netherlands,149,37.2
1474414,15-03-2025,"Wanderers Cricket Ground, Windhoek",Windhoek,1,Namibia,186,50
1474414,15-03-2025,"Wanderers Cricket Ground, Windhoek",Windhoek,2,Canada,154,42.8
1478901,19-08-2025,"Cazaly's Stadium, Cairns",Cairns,1,South Africa,296,50.5
1478901,19-08-2025,"Cazaly's Stadium, Cairns",Cairns,2,Australia,198,41.7
1478902,22-08-2025,"Great Barrier Reef Arena, Mackay",Mackay,1,South Africa,277,50.3
1478902,22-08-2025,"Great Barrier Reef Arena, Mackay",Mackay,2,Australia,193,38
1478903,24-08-2025,"Great Barrier Reef Arena, Mackay",Mackay,1,Australia,431,52.2
1478903,24-08-2025,"Great Barrier Reef Arena, Mackay",Mackay,2,South Africa,155,25.2
1478904,19-10-2025,Perth Stadium,Perth,1,India,136,27
1478904,19-10-2025,Perth Stadium,Perth,2,Australia,131,21.8
1478905,23-10-2025,Adelaide Oval,Adelaide,1,India,264,50.8
1478905,23-10-2025,Adelaide Oval,Adelaide,2,Australia,265,47.3
1478906,25-10-2025,Sydney Cricket Ground,Sydney,1,Australia,236,47.2
1478906,25-10-2025,Sydney Cricket Ground,Sydney,2,India,237,39.8
1479573,30-11-2025,"JSCA International Stadium Complex, Ranchi",Ranchi,1,India,349,51.7
1479573,30-11-2025,"JSCA International Stadium Complex, Ranchi",Ranchi,2,South Africa,332,49.8
1479574,03-12-2025,"Shaheed Veer Narayan Singh International Stadium, Raipur",Raipur,1,India,358,52.5
1479574,03-12-2025,"Shaheed Veer Narayan Singh International Stadium, Raipur",Raipur,2,South Africa,362,51.3
1479575,06-12-2025,"Dr. Y.S. Rajasekhara Reddy ACA-VDCA Cricket Stadium, Visakhapatnam",Visakhapatnam,1,South Africa,270,49.2
1479575,06-12-2025,"Dr. Y.S. Rajasekhara Reddy ACA-VDCA Cricket Stadium, Visakhapatnam",Visakhapatnam,2,India,271,41.3
1481530,06-05-2025,"VRA Ground, Amstelveen",Amstelveen,1,Netherlands,272,51
1481530,06-05-2025,"VRA Ground, Amstelveen",Amstelveen,2,United Arab Emirates,159,41.5
1481531,08-05-2025,"VRA Ground, Amstelveen",Amstelveen,1,United Arab Emirates,296,51.3
1481531,08-05-2025,"VRA Ground, Amstelveen",Amstelveen,2,Scotland,199,45
1481532,10-05-2025,"VRA Ground, Amstelveen",Amstelveen,1,Netherlands,282,51
1481532,10-05-2025,"VRA Ground, Amstelveen",Amstelveen,2,Scotland,263,50.3
1481533,12-05-2025,"Sportpark Maarschalkerweerd, Utrecht",Utrecht,1,United Arab Emirates,204,51.7
1481533,12-05-2025,"Sportpark Maarschalkerweerd, Utrecht",Utrecht,2,Netherlands,205,36.7
1481534,14-05-2025,"Sportpark Maarschalkerweerd, Utrecht",Utrecht,1,United Arab Emirates,161,49.2
1481534,14-05-2025,"Sportpark Maarschalkerweerd, Utrecht",Utrecht,2,Scotland,162,24.5
1481535,16-05-2025,"Sportpark Maarschalkerweerd, Utrecht",Utrecht,1,Scotland,380,51.5
1481535,16-05-2025,"Sportpark Maarschalkerweerd, Utrecht",Utrecht,2,Netherlands,235,42.5
1482564,17-05-2025,"Central Broward Regional Park Stadium Turf Ground, Lauderhill",Lauderhill,1,United States of America,361,51.3
1482564,17-05-2025,"Central Broward Regional Park Stadium Turf Ground, Lauderhill",Lauderhill,2,Canada,192,47.2
1482565,19-05-2025,"Central Broward Regional Park Stadium Turf Ground, Lauderhill",Lauderhill,1,Oman,217,51.5
1482565,19-05-2025,"Central Broward Regional Park Stadium Turf Ground, Lauderhill",Lauderhill,2,Canada,202,49.8
1482566,21-05-2025,"Central Broward Regional Park Stadium Turf Ground, Lauderhill",Lauderhill,1,Oman,266,50.5
1482566,21-05-2025,"Central Broward Regional Park Stadium Turf Ground, Lauderhill",Lauderhill,2,United States of America,266,51.2
1482567,23-05-2025,"Central Broward Regional Park Stadium Turf Ground, Lauderhill",Lauderhill,1,Canada,212,49.5
1482567,23-05-2025,"Central Broward Regional Park Stadium Turf Ground, Lauderhill",Lauderhill,2,Oman,108,24
1482568,25-05-2025,"Central Broward Regional Park Stadium Turf Ground, Lauderhill",Lauderhill,1,United States of America,286,51.5
1482568,25-05-2025,"Central Broward Regional Park Stadium Turf Ground, Lauderhill",Lauderhill,2,Canada,198,46.5
1482569,27-05-2025,"Central Broward Regional Park Stadium Turf Ground, Lauderhill",Lauderhill,1,United States of America,293,50.8
1482569,27-05-2025,"Central Broward Regional Park Stadium Turf Ground, Lauderhill",Lauderhill,2,Oman,284,50.3
1485505,02-07-2025,"R Premadasa Stadium, Colombo",Colombo,1,Sri Lanka,244,49.8
1485505,02-07-2025,"R Premadasa Stadium, Colombo",Colombo,2,Bangladesh,167,36.5
1485506,05-07-2025,"R Premadasa Stadium, Colombo",Colombo,1,Bangladesh,248,47.2
1485506,05-07-2025,"R Premadasa Stadium, Colombo",Colombo,2,Sri Lanka,232,49.5
1485507,08-07-2025,Pallekele International Cricket Stadium,Kandy,1,Sri Lanka,285,50.5
1485507,08-07-2025,Pallekele International Cricket Stadium,Kandy,2,Bangladesh,186,40.7
1486772,02-06-2025,"Forthill, Dundee",Dundee,1,Scotland,296,51.8
1486772,02-06-2025,"Forthill, Dundee",Dundee,2,Nepal,297,51.8
1486773,04-06-2025,"Forthill, Dundee",Dundee,1,Netherlands,225,51.2
1486773,04-06-2025,"Forthill, Dundee",Dundee,2,Nepal,226,48.8
1486774,06-06-2025,"Forthill, Dundee",Dundee,1,Scotland,262,51.2
1486774,06-06-2025,"Forthill, Dundee",Dundee,2,Netherlands,218,45.5
1486775,08-06-2025,"Forthill, Dundee",Dundee,1,Scotland,323,51
1486775,08-06-2025,"Forthill, Dundee",Dundee,2,Nepal,321,52.2
1486776,10-06-2025,"Forthill, Dundee",Dundee,1,Nepal,236,51
1486776,10-06-2025,"Forthill, Dundee",Dundee,2,Netherlands,210,51.3
1486777,12-06-2025,"Forthill, Dundee",Dundee,1,Scotland,369,51.8
1486777,12-06-2025,"Forthill, Dundee",Dundee,2,Netherlands,374,50.3
1490231,11-01-2026,"Kotambi Stadium, Vadodara",Vadodara,1,New Zealand,300,51.2
1490231,11-01-2026,"Kotambi Stadium, Vadodara",Vadodara,2,India,306,50.3
1490232,14-01-2026,"Niranjan Shah Stadium, Rajkot",Rajkot,1,India,284,51.3
1490232,14-01-2026,"Niranjan Shah Stadium, Rajkot",Rajkot,2,New Zealand,286,48.2
1490233,18-01-2026,"Holkar Cricket Stadium, Indore",Indore,1,New Zealand,337,50.5
1490233,18-01-2026,"Holkar Cricket Stadium, Indore",Indore,2,India,296,47.2
1491720,26-10-2025,"Bay Oval, Mount Maunganui",Mount Maunganui,1,England,223,37.7
1491720,26-10-2025,"Bay Oval, Mount Maunganui",Mount Maunganui,2,New Zealand,224,39.2
1491721,29-10-2025,"Seddon Park, Hamilton",Hamilton,1,England,175,36.2
1491721,29-10-2025,"Seddon Park, Hamilton",Hamilton,2,New Zealand,177,33.8
1491722,01-11-2025,"Sky Stadium, Wellington",Wellington,1,England,222,41.8
1491722,01-11-2025,"Sky Stadium, Wellington",Wellington,2,New Zealand,226,45.7
1491728,16-11-2025,"Hagley Oval, Christchurch",Christchurch,1,New Zealand,269,51.7
1491728,16-11-2025,"Hagley Oval, Christchurch",Christchurch,2,West Indies,262,52.3
1491729,19-11-2025,"McLean Park, Napier",Napier,1,West Indies,247,35.2
1491729,19-11-2025,"McLean Park, Napier",Napier,2,New Zealand,248,34.5
1491730,22-11-2025,"Seddon Park, Hamilton",Hamilton,1,West Indies,161,37
1491730,22-11-2025,"Seddon Park, Hamilton",Hamilton,2,New Zealand,162,31.7
1492821,29-08-2025,Harare Sports Club,Harare,1,Sri Lanka,298,50.8
1492821,29-08-2025,Harare Sports Club,Harare,2,Zimbabwe,291,52.7
1492822,31-08-2025,Harare Sports Club,Harare,1,Zimbabwe,277,52.5
1492822,31-08-2025,Harare Sports Club,Harare,2,Sri Lanka,278,50.3
1498181,27-08-2025,"Maple Leaf North-West Ground, King City",King City,1,Canada,219,50.7
1498181,27-08-2025,"Maple Leaf North-West Ground, King City",King City,2,Namibia,220,49.2
1498183,31-08-2025,"Maple Leaf North-West Ground, King City",King City,1,Canada,184,48.8
1498183,31-08-2025,"Maple Leaf North-West Ground, King City",King City,2,Scotland,187,43.7
1498184,02-09-2025,"Maple Leaf North-West Ground, King City",King City,1,Namibia,261,52.7
1498184,02-09-2025,"Maple Leaf North-West Ground, King City",King City,2,Canada,237,49.8
1498185,04-09-2025,"Maple Leaf North-West Ground, King City",King City,1,Scotland,164,24.7
1498185,04-09-2025,"Maple Leaf North-West Ground, King City",King City,2,Namibia,109,22
1501898,04-11-2025,"Iqbal Stadium, Faisalabad",Faisalabad,1,South Africa,263,50.5
1501898,04-11-2025,"Iqbal Stadium, Faisalabad",Faisalabad,2,Pakistan,264,50.7
1501899,06-11-2025,"Iqbal Stadium, Faisalabad",Faisalabad,1,Pakistan,269,51.5
1501899,06-11-2025,"Iqbal Stadium, Faisalabad",Faisalabad,2,South Africa,270,41
1501900,08-11-2025,"Iqbal Stadium, Faisalabad",Faisalabad,1,South Africa,143,38
1501900,08-11-2025,"Iqbal Stadium, Faisalabad",Faisalabad,2,Pakistan,144,25.3
1502167,11-11-2025,Rawalpindi Cricket Stadium,Rawalpindi,1,Pakistan,299,52.2
1502167,11-11-2025,Rawalpindi Cricket Stadium,Rawalpindi,2,Sri Lanka,293,53
1502168,14-11-2025,Rawalpindi Cricket Stadium,Rawalpindi,1,Sri Lanka,288,52.3
1502168,14-11-2025,Rawalpindi Cricket Stadium,Rawalpindi,2,Pakistan,289,50.2
1502169,16-11-2025,Rawalpindi Cricket Stadium,Rawalpindi,1,Sri Lanka,211,46.5
1502169,16-11-2025,Rawalpindi Cricket Stadium,Rawalpindi,2,Pakistan,215,46.3
1505122,18-10-2025,"Shere Bangla National Stadium, Mirpur",Dhaka,1,Bangladesh,207,50.7
1505122,18-10-2025,"Shere Bangla National Stadium, Mirpur",Dhaka,2,West Indies,133,39.5
1505123,21-10-2025,"Shere Bangla National Stadium, Mirpur",Dhaka,1,Bangladesh,213,50.5
1505123,21-10-2025,"Shere Bangla National Stadium, Mirpur",Dhaka,2,West Indies,213,50.8
1505124,23-10-2025,"Shere Bangla National Stadium, Mirpur",Dhaka,1,Bangladesh,296,50.8
1505124,23-10-2025,"Shere Bangla National Stadium, Mirpur",Dhaka,2,West Indies,117,30.7
1507716,22-01-2026,"R Premadasa Stadium, Colombo",Colombo,1,Sri Lanka,271,50.8
1507716,22-01-2026,"R Premadasa Stadium, Colombo",Colombo,2,England,252,51
1507717,24-01-2026,"R Premadasa Stadium, Colombo",Colombo,1,Sri Lanka,219,50.3
1507717,24-01-2026,"R Premadasa Stadium, Colombo",Colombo,2,England,223,46.7
1507718,27-01-2026,"R Premadasa Stadium, Colombo",Colombo,1,England,357,51
1507718,27-01-2026,"R Premadasa Stadium, Colombo",Colombo,2,Sri Lanka,304,46.8
1507884,26-10-2025,Dubai International Cricket Stadium,Dubai,1,United States of America,262,51.2
1507884,26-10-2025,Dubai International Cricket Stadium,Dubai,2,Nepal,156,40.3
1507885,28-10-2025,Dubai International Cricket Stadium,Dubai,1,United Arab Emirates,211,50.8
1507885,28-10-2025,Dubai International Cricket Stadium,Dubai,2,United States of America,213,49.7
1507886,30-10-2025,"ICC Academy, Dubai",Dubai,1,Nepal,233,51
1507886,30-10-2025,"ICC Academy, Dubai",Dubai,2,United Arab Emirates,237,43.8
1507887,01-11-2025,"ICC Academy, Dubai",Dubai,1,Nepal,271,50.8
1507887,01-11-2025,"ICC Academy, Dubai",Dubai,2,United States of America,273,49.7
1507888,03-11-2025,Dubai International Cricket Stadium,Dubai,1,United States of America,292,50.8
1507888,03-11-2025,Dubai International Cricket Stadium,Dubai,2,United Arab Emirates,49,23
1507889,05-11-2025,"ICC Academy, Dubai",Dubai,1,Nepal,239,52.3
1507889,05-11-2025,"ICC Academy, Dubai",Dubai,2,United Arab Emirates,243,49.8
1525652,11-03-2026,"Shere Bangla National Stadium, Mirpur",Dhaka,1,Pakistan,114,30.8
1525652,11-03-2026,"Shere Bangla National Stadium, Mirpur",Dhaka,2,Bangladesh,115,16.2
1525653,13-03-2026,"Shere Bangla National Stadium, Mirpur",Dhaka,1,Pakistan,274,48.3
1525653,13-03-2026,"Shere Bangla National Stadium, Mirpur",Dhaka,2,Bangladesh,114,24
1525654,15-03-2026,"Shere Bangla National Stadium, Mirpur",Dhaka,1,Bangladesh,290,51.8
1525654,15-03-2026,"Shere Bangla National Stadium, Mirpur",Dhaka,2,Pakistan,279,50.8
1528272,17-04-2026,"Shere Bangla National Stadium, Mirpur",Dhaka,1,New Zealand,247,51.8
1528272,17-04-2026,"Shere Bangla National Stadium, Mirpur",Dhaka,2,Bangladesh,221,50.7
1528273,20-04-2026,"Shere Bangla National Stadium, Mirpur",Dhaka,1,New Zealand,198,49.7
1528273,20-04-2026,"Shere Bangla National Stadium, Mirpur",Dhaka,2,Bangladesh,199,36.7
1528274,23-04-2026,"Bir Sreshtho Flight Lieutenant Matiur Rahman Stadium, Chattogram",Chattogram,1,Bangladesh,265,50.8
1528274,23-04-2026,"Bir Sreshtho Flight Lieutenant Matiur Rahman Stadium, Chattogram",Chattogram,2,New Zealand,210,45.7
1529140,04-04-2026,"Namibia Cricket Ground, Windhoek",Windhoek,1,Namibia,268,51.2
1529140,04-04-2026,"Namibia Cricket Ground, Windhoek",Windhoek,2,Oman,274,50.7
1529141,06-04-2026,"Namibia Cricket Ground, Windhoek",Windhoek,1,Namibia,189,47.5
1529142,08-04-2026,"Namibia Cricket Ground, Windhoek",Windhoek,1,Oman,163,21
1529142,08-04-2026,"Namibia Cricket Ground, Windhoek",Windhoek,2,Scotland,151,20.5
1529143,10-04-2026,"Namibia Cricket Ground, Windhoek",Windhoek,1,Oman,218,51.7
1529143,10-04-2026,"Namibia Cricket Ground, Windhoek",Windhoek,2,Namibia,223,50.2
1529144,12-04-2026,"Namibia Cricket Ground, Windhoek",Windhoek,1,Namibia,198,51
1529144,12-04-2026,"Namibia Cricket Ground, Windhoek",Windhoek,2,Scotland,199,38.8
1531696,25-04-2026,"Tribhuvan University International Cricket Ground, Kirtipur",Kirtipur,1,Nepal,200,49.5
1531696,25-04-2026,"Tribhuvan University International Cricket Ground, Kirtipur",Kirtipur,2,United Arab Emirates,163,48.7
1531697,27-04-2026,"Tribhuvan University International Cricket Ground, Kirtipur",Kirtipur,1,United Arab Emirates,268,51.2
1531697,27-04-2026,"Tribhuvan University International Cricket Ground, Kirtipur",Kirtipur,2,Oman,243,48.7
1531698,29-04-2026,"Tribhuvan University International Cricket Ground, Kirtipur",Kirtipur,1,Oman,305,50.8
1531698,29-04-2026,"Tribhuvan University International Cricket Ground, Kirtipur",Kirtipur,2,Nepal,155,37.7
1531699,01-05-2026,"Tribhuvan University International Cricket Ground, Kirtipur",Kirtipur,1,Nepal,289,51.5
1531699,01-05-2026,"Tribhuvan University International Cricket Ground, Kirtipur",Kirtipur,2,United Arab Emirates,248,38.7
1531700,03-05-2026,"Tribhuvan University International Cricket Ground, Kirtipur",Kirtipur,1,United Arab Emirates,308,48.3
1531700,03-05-2026,"Tribhuvan University International Cricket Ground, Kirtipur",Kirtipur,2,Oman,254,41.2
1531701,05-05-2026,"Tribhuvan University International Cricket Ground, Kirtipur",Kirtipur,1,Nepal,256,50.5
1531701,05-05-2026,"Tribhuvan University International Cricket Ground, Kirtipur",Kirtipur,2,Oman,175,40.8
1531702,12-05-2026,"Tribhuvan University International Cricket Ground, Kirtipur",Kirtipur,1,Scotland,243,51.8
1531702,12-05-2026,"Tribhuvan University International Cricket Ground, Kirtipur",Kirtipur,2,Nepal,218,39.7
1531703,14-05-2026,"Tribhuvan University International Cricket Ground, Kirtipur",Kirtipur,1,Scotland,321,47.7
1531703,14-05-2026,"Tribhuvan University International Cricket Ground, Kirtipur",Kirtipur,2,United States of America,246,33
1531704,16-05-2026,"Tribhuvan University International Cricket Ground, Kirtipur",Kirtipur,1,United States of America,195,44.3
1531704,16-05-2026,"Tribhuvan University International Cricket Ground, Kirtipur",Kirtipur,2,Nepal,199,36.7
1531705,18-05-2026,"Tribhuvan University International Cricket Ground, Kirtipur",Kirtipur,1,Scotland,194,39.3
1531705,18-05-2026,"Tribhuvan University International Cricket Ground, Kirtipur",Kirtipur,2,Nepal,199,38.7
1531706,20-05-2026,"Tribhuvan University International Cricket Ground, Kirtipur",Kirtipur,1,Scotland,169,44.3
1531706,20-05-2026,"Tribhuvan University International Cricket Ground, Kirtipur",Kirtipur,2,United States of America,170,27.7
1531707,22-05-2026,"Tribhuvan University International Cricket Ground, Kirtipur",Kirtipur,1,Nepal,317,51.8
1531707,22-05-2026,"Tribhuvan University International Cricket Ground, Kirtipur",Kirtipur,2,United States of America,195,42.5
1532480,09-06-2026,"Shere Bangla National Stadium, Mirpur",Dhaka,1,Bangladesh,284,51
1532480,09-06-2026,"Shere Bangla National Stadium, Mirpur",Dhaka,2,Australia,191,44.5
1532481,11-06-2026,"Shere Bangla National Stadium, Mirpur",Dhaka,1,Australia,187,42.8
1532481,11-06-2026,"Shere Bangla National Stadium, Mirpur",Dhaka,2,Bangladesh,195,35.7
1532482,14-06-2026,"Shere Bangla National Stadium, Mirpur",Dhaka,1,Bangladesh,274,52.2
1532482,14-06-2026,"Shere Bangla National Stadium, Mirpur",Dhaka,2,Australia,277,50
1535645,30-05-2026,Rawalpindi Cricket Stadium,Rawalpindi,1,Australia,200,45.3
1535645,30-05-2026,Rawalpindi Cricket Stadium,Rawalpindi,2,Pakistan,202,43
1535646,02-06-2026,"Gaddafi Stadium, Lahore",Lahore,1,Australia,231,50.5
1535646,02-06-2026,"Gaddafi Stadium, Lahore",Lahore,2,Pakistan,190,44.8
1535647,04-06-2026,"Gaddafi Stadium, Lahore",Lahore,1,Australia,157,43
1535647,04-06-2026,"Gaddafi Stadium, Lahore",Lahore,2,Pakistan,161,42.7
1538304,03-06-2026,"Sabina Park, Kingston, Jamaica",Kingston,1,Sri Lanka,303,52.3
1538304,03-06-2026,"Sabina Park, Kingston, Jamaica",Kingston,2,West Indies,262,51
1538425,06-06-2026,"Maple Leaf North-West Ground, King City",King City,1,Canada,231,46.5
1538425,06-06-2026,"Maple Leaf North-West Ground, King City",King City,2,United States of America,235,40.7
1538426,08-06-2026,"Maple Leaf North-West Ground, King City",King City,1,Netherlands,196,51
1538426,08-06-2026,"Maple Leaf North-West Ground, King City",King City,2,United States of America,175,49.2
1538427,10-06-2026,"Maple Leaf North-West Ground, King City",King City,1,Netherlands,214,49
1538427,10-06-2026,"Maple Leaf North-West Ground, King City",King City,2,Canada,218,49.8
1538428,12-06-2026,"Maple Leaf North-West Ground, King City",King City,1,Canada,275,51.7
1538428,12-06-2026,"Maple Leaf North-West Ground, King City",King City,2,United States of America,276,51.8
